"","eCRF_name","ECRF_CODE","ECRF_GENERIC_NAME","ECRF_TRADE_NAMES","RXNORM_CODES","RXNORM_DESCS","CONCEPT_CD","BCH_CONCEPT_PATH","BCH_CONCEPT_DESCRIPTION","min_date","max_date","distinct_patients","distinct_observations"
"1","medcations_before_and_after","02.09","Lidocaine","Xylocaine","608568","lidocaine / tetracaine","ADMINMED:16302555","\i2b2\Medications\Administered Medications\133\136\139\d05541\ADMINMED:16302555\","lidocaine-tetracaine topical",2020-07-19,2021-01-26,3,4
"2","medcations_before_and_after","02.09","Lidocaine","Xylocaine","6387, 3992","lidocaine, epinephrine | EPINEPHrine","ADMINMED:2797692","\i2b2\Medications\Administered Medications\122\125\180\d00699\ADMINMED:2797692\","EPINEPHrine",2020-04-22,2021-03-12,9,1326
"3","medcations_before_and_after","02.09","Lidocaine","Xylocaine","6387, 3992","lidocaine, epinephrine | EPINEPHrine","ADMINMED:2797692","\i2b2\Medications\Administered Medications\40\433\d00699\ADMINMED:2797692\","EPINEPHrine",2020-04-22,2021-03-12,9,1326
"4","medcations_before_and_after","02.09","Lidocaine","Xylocaine","6387, 3992","lidocaine, epinephrine | EPINEPHrine","ADMINMED:2797692","\i2b2\Medications\Administered Medications\40\54\d00699\ADMINMED:2797692\","EPINEPHrine",2020-04-22,2021-03-12,9,1326
"5","medcations_before_and_after","02.09","Lidocaine","Xylocaine","6387","lidocaine","ADMINMED:2798122","\i2b2\Medications\Administered Medications\133\136\139\d00683\ADMINMED:2798122\","lidocaine topical",2021-01-06,2021-01-06,1,1
"6","medcations_before_and_after","02.09","Lidocaine","Xylocaine","166283","lidocaine / prilocaine","ADMINMED:2798124","\i2b2\Medications\Administered Medications\133\136\139\d03655\ADMINMED:2798124\","lidocaine-prilocaine topical",2021-03-08,2021-03-08,1,1
"7","medcations_before_and_after","02.09","Lidocaine","Xylocaine","6387, 847630","lidocaine, calcium chloride 0.0014 MEQ/ML / potassium chloride 0.004 MEQ/ML / sodium chloride 0.103 MEQ/ML / sodium lactate 0.028 MEQ/ML Injectable Solution | Calcium Chloride 0.0014 MEQ/ML / K+ Chloride 0.004 MEQ/ML / NaCl 0.103 MEQ/ML / Sodium Lactate 0.028 MEQ/ML Injectable Solution | Calcium Chloride 0.0014 MEQ/ML / Pot Chloride 0.004 MEQ/ML / NaCl 0.103 MEQ/ML / Sodium Lactate 0.028 MEQ/ML Injectable Solution, calcium chloride 0.0014 MEQ/ML / potassium chloride 0.004 MEQ/ML / sodium chloride 0.103 MEQ/ML / sodium lactate 0.028 MEQ/ML Injectable Solution","ADMINMED:2799021","\i2b2\Medications\Administered Medications\Non-Categorized\2799021\ADMINMED:2799021\","Lactated Ringers Injection",2013-09-03,2021-03-06,14,63
"8","medcations_before_and_after","02.09","Lidocaine","Xylocaine","6387","lidocaine","ADMINMED:297664418","\i2b2\Medications\Administered Medications\105\109\d07757\ADMINMED:297664418\","lidocaine-sodium bicarbonate",2021-04-06,2021-04-07,2,2
"9","medcations_before_and_after","02.09","Lidocaine","Xylocaine","6387","lidocaine","ADMINMED:4103284","\i2b2\Medications\Administered Medications\105\109\d00059\ADMINMED:4103284\","lidocaine",2020-05-26,2021-02-24,12,68
"10","medcations_before_and_after","02.09","Lidocaine","Xylocaine","6387","lidocaine","ADMINMED:4103284","\i2b2\Medications\Administered Medications\40\46\385\d00059\ADMINMED:4103284\","lidocaine",2020-05-26,2021-02-24,12,68
"11","medcations_before_and_after","02.09","Lidocaine","Xylocaine","166283","lidocaine / prilocaine","HOMEMED:3681307","\i2b2\Medications\Ordered Medications\133\136\139\d03655\HOMEMED:3681307\","lidocaine-prilocaine topical",2020-08-23,2020-08-24,1,2
"12","medcations_before_and_after","02.13","Procainamide","Pronestyl, Procan","8700","procainamide","ADMINMED:2798546","\i2b2\Medications\Administered Medications\40\46\385\d00075\ADMINMED:2798546\","procainamide",2021-03-08,2021-03-13,1,142
"13","medcations_before_and_after","03.03","Tofacitinib (JAK inhibitor)","","1009148","ampicillin / sulbactam","ADMINMED:2796908","\i2b2\Medications\Administered Medications\1\13\225\d00090\ADMINMED:2796908\","ampicillin-sulbactam",2017-11-03,2020-07-22,2,48
"14","medcations_before_and_after","03.04","Amoxicillin","Amoxil","723","amoxicillin","ADMINMED:2796897","\i2b2\Medications\Administered Medications\1\13\224\d00088\ADMINMED:2796897\","amoxicillin",2009-06-12,2020-05-29,3,15
"15","medcations_before_and_after","03.04","Amoxicillin","Amoxil","19711","amoxicillin / clavulanate","ADMINMED:2796899","\i2b2\Medications\Administered Medications\1\13\225\d00089\ADMINMED:2796899\","amoxicillin-clavulanate",2017-11-04,2020-07-23,2,6
"16","medcations_before_and_after","03.04","Amoxicillin","Amoxil","723","amoxicillin","HOMEMED:3653741","\i2b2\Medications\Ordered Medications\1\13\224\d00088\HOMEMED:3653741\","amoxicillin",2021-03-21,2021-03-21,1,1
"17","medcations_before_and_after","03.04","Amoxicillin","Amoxil","723","amoxicillin","HOMEMED:3653753","\i2b2\Medications\Ordered Medications\1\13\224\d00088\HOMEMED:3653753\","amoxicillin",2020-05-29,2020-05-29,1,2
"18","medcations_before_and_after","03.04","Amoxicillin","Amoxil","723","amoxicillin","HOMEMED:3653758","\i2b2\Medications\Ordered Medications\1\13\224\d00088\HOMEMED:3653758\","amoxicillin",2009-06-15,2021-01-08,3,9
"19","medcations_before_and_after","03.04","Amoxicillin","Amoxil","19711","amoxicillin / clavulanate","HOMEMED:3653800","\i2b2\Medications\Ordered Medications\1\13\225\d00089\HOMEMED:3653800\","amoxicillin-clavulanate",2016-12-23,2016-12-23,1,4
"20","medcations_before_and_after","03.04","Amoxicillin","Amoxil","19711","amoxicillin / clavulanate","HOMEMED:3653807","\i2b2\Medications\Ordered Medications\1\13\225\d00089\HOMEMED:3653807\","amoxicillin-clavulanate",2020-07-16,2020-07-16,1,2
"21","medcations_before_and_after","03.04","Amoxicillin","Amoxil","19711","amoxicillin / clavulanate","HOMEMED:3653817","\i2b2\Medications\Ordered Medications\1\13\225\d00089\HOMEMED:3653817\","amoxicillin-clavulanate",2014-03-14,2014-03-14,1,2
"22","medcations_before_and_after","03.04","Amoxicillin","Amoxil","19711","amoxicillin / clavulanate","HOMEMED:3653821","\i2b2\Medications\Ordered Medications\1\13\225\d00089\HOMEMED:3653821\","amoxicillin-clavulanate",2020-07-23,2020-07-23,1,2
"23","medcations_before_and_after","03.04","Amoxicillin","Amoxil","19711","amoxicillin / clavulanate","HOMEMED:3653822","\i2b2\Medications\Ordered Medications\1\13\225\d00089\HOMEMED:3653822\","amoxicillin-clavulanate",2017-11-04,2017-11-04,1,2
"24","medcations_before_and_after","03.05","Baricitinib (JAK inhibitor)","","19711","amoxicillin / clavulanate","ADMINMED:2796899","\i2b2\Medications\Administered Medications\1\13\225\d00089\ADMINMED:2796899\","amoxicillin-clavulanate",2017-11-04,2020-07-23,2,6
"25","medcations_before_and_after","03.05","Baricitinib (JAK inhibitor)","","19711","amoxicillin / clavulanate","HOMEMED:3653800","\i2b2\Medications\Ordered Medications\1\13\225\d00089\HOMEMED:3653800\","amoxicillin-clavulanate",2016-12-23,2016-12-23,1,4
"26","medcations_before_and_after","03.05","Baricitinib (JAK inhibitor)","","19711","amoxicillin / clavulanate","HOMEMED:3653807","\i2b2\Medications\Ordered Medications\1\13\225\d00089\HOMEMED:3653807\","amoxicillin-clavulanate",2020-07-16,2020-07-16,1,2
"27","medcations_before_and_after","03.05","Baricitinib (JAK inhibitor)","","19711","amoxicillin / clavulanate","HOMEMED:3653817","\i2b2\Medications\Ordered Medications\1\13\225\d00089\HOMEMED:3653817\","amoxicillin-clavulanate",2014-03-14,2014-03-14,1,2
"28","medcations_before_and_after","03.05","Baricitinib (JAK inhibitor)","","19711","amoxicillin / clavulanate","HOMEMED:3653821","\i2b2\Medications\Ordered Medications\1\13\225\d00089\HOMEMED:3653821\","amoxicillin-clavulanate",2020-07-23,2020-07-23,1,2
"29","medcations_before_and_after","03.05","Baricitinib (JAK inhibitor)","","19711","amoxicillin / clavulanate","HOMEMED:3653822","\i2b2\Medications\Ordered Medications\1\13\225\d00089\HOMEMED:3653822\","amoxicillin-clavulanate",2017-11-04,2017-11-04,1,2
"30","medcations_before_and_after","03.06","Amphotericin","Fungizone","732, 1596450, 1901, 6585, 36676","amphotericin B, gentamicin, calcium chloride, magnesium sulfate, sodium bicarbonate","ADMINMED:2798718","\i2b2\Medications\Administered Medications\133\150\d03998\ADMINMED:2798718\","sterile water",2021-01-15,2021-01-17,1,10
"31","medcations_before_and_after","03.07","Ampicillin","Omnipen","733","ampicillin","ADMINMED:2796907","\i2b2\Medications\Administered Medications\1\13\224\d00003\ADMINMED:2796907\","ampicillin",2020-05-26,2020-05-28,1,7
"32","medcations_before_and_after","03.07","Ampicillin","Omnipen","1009148","ampicillin / sulbactam","ADMINMED:2796908","\i2b2\Medications\Administered Medications\1\13\225\d00090\ADMINMED:2796908\","ampicillin-sulbactam",2017-11-03,2020-07-22,2,48
"33","medcations_before_and_after","03.08","Azithromycin","Zithromax","18631","azithromycin","ADMINMED:2797013","\i2b2\Medications\Administered Medications\1\11\304\d00091\ADMINMED:2797013\","azithromycin",2009-06-09,2020-05-18,3,15
"34","medcations_before_and_after","03.08","Azithromycin","Zithromax","18631","azithromycin","HOMEMED:3655108","\i2b2\Medications\Ordered Medications\1\11\304\d00091\HOMEMED:3655108\","azithromycin",2017-11-27,2017-11-27,1,1
"35","medcations_before_and_after","03.08","Azithromycin","Zithromax","18631","azithromycin","HOMEMED:3655109","\i2b2\Medications\Ordered Medications\1\11\304\d00091\HOMEMED:3655109\","azithromycin",2018-11-02,2018-11-02,1,1
"36","medcations_before_and_after","03.11","Cefazolin","Ancef, Kefzol","2180","cefazolin | ceFAZolin","ADMINMED:2797220","\i2b2\Medications\Administered Medications\1\9\159\d00007\ADMINMED:2797220\","ceFAZolin",2016-05-13,2019-07-19,2,3
"37","medcations_before_and_after","03.12","Cefepime","Maxipime","20481, 2191, 1596450, 11124, 5224","cefepime, ceftazidime | cefTAZidime, gentamicin, vancomycin, heparin","ADMINMED:2798880","\i2b2\Medications\Administered Medications\1\406\d00125\ADMINMED:2798880\","vancomycin",2007-07-02,2021-03-08,6,155
"38","medcations_before_and_after","03.14","Ceftazidime","Fortaz","20481, 2191, 1596450, 11124, 5224","cefepime, ceftazidime | cefTAZidime, gentamicin, vancomycin, heparin","ADMINMED:2798880","\i2b2\Medications\Administered Medications\1\406\d00125\ADMINMED:2798880\","vancomycin",2007-07-02,2021-03-08,6,155
"39","medcations_before_and_after","03.15","Ceftriaxone","Rocephin","2193","ceftriaxone | cefTRIAXone","ADMINMED:2797232","\i2b2\Medications\Administered Medications\1\9\161\d00052\ADMINMED:2797232\","cefTRIAXone",2007-05-23,2021-03-14,25,72
"40","medcations_before_and_after","03.15","Ceftriaxone","Rocephin","2193","ceftriaxone | cefTRIAXone","HOMEMED:3670549","\i2b2\Medications\Ordered Medications\1\9\161\d00052\HOMEMED:3670549\","cefTRIAXone",2021-02-20,2021-02-20,1,1
"41","medcations_before_and_after","03.15","Ceftriaxone","Rocephin","2193","ceftriaxone | cefTRIAXone","HOMEMED:3671944","\i2b2\Medications\Ordered Medications\1\9\161\d00052\HOMEMED:3671944\","cefTRIAXone",2020-12-27,2020-12-27,1,1
"42","medcations_before_and_after","03.17","Ciprofloxacin","Cipro","465397","ciprofloxacin / dexamethasone","ADMINMED:4103207","\i2b2\Medications\Administered Medications\133\148\171\d04890\ADMINMED:4103207\","ciprofloxacin-dexamethasone otic",2016-10-21,2017-11-04,1,12
"43","medcations_before_and_after","03.17","Ciprofloxacin","Cipro","465397","ciprofloxacin / dexamethasone","HOMEMED:3672973","\i2b2\Medications\Ordered Medications\133\148\171\d04890\HOMEMED:3672973\","ciprofloxacin-dexamethasone otic",2017-04-20,2019-01-04,2,6
"44","medcations_before_and_after","03.19","Clindamycin","Cleocin","2582","clindamycin","ADMINMED:2797437","\i2b2\Medications\Administered Medications\1\240\d00043\ADMINMED:2797437\","clindamycin",2014-12-13,2021-03-08,3,16
"45","medcations_before_and_after","03.19","Clindamycin","Cleocin","2582","clindamycin","HOMEMED:3673089","\i2b2\Medications\Ordered Medications\1\240\d00043\HOMEMED:3673089\","clindamycin",2014-12-13,2014-12-13,1,2
"46","medcations_before_and_after","03.20","Erythromycin","","4053","erythromycin","ADMINMED:2797711","\i2b2\Medications\Administered Medications\133\147\163\d03973\ADMINMED:2797711\","erythromycin ophthalmic",2017-08-14,2020-05-19,2,3
"47","medcations_before_and_after","03.20","Erythromycin","","4053","erythromycin","HOMEMED:3676506","\i2b2\Medications\Ordered Medications\133\147\163\d03973\HOMEMED:3676506\","erythromycin ophthalmic",2016-08-11,2016-08-11,1,1
"48","medcations_before_and_after","03.23","Gentamicin","","732, 1596450, 1901, 6585, 36676","amphotericin B, gentamicin, calcium chloride, magnesium sulfate, sodium bicarbonate","ADMINMED:2798718","\i2b2\Medications\Administered Medications\133\150\d03998\ADMINMED:2798718\","sterile water",2021-01-15,2021-01-17,1,10
"49","medcations_before_and_after","03.23","Gentamicin","","20481, 2191, 1596450, 11124, 5224","cefepime, ceftazidime | cefTAZidime, gentamicin, vancomycin, heparin","ADMINMED:2798880","\i2b2\Medications\Administered Medications\1\406\d00125\ADMINMED:2798880\","vancomycin",2007-07-02,2021-03-08,6,155
"50","medcations_before_and_after","03.27","Metronidazole","Flagyl","6922, 74169, 4603, 36676, 9143","metronidazole | metroNIDAZOLE, piperacillin / tazobactam, furosemide, sodium bicarbonate, ranitidine | raNITIdine","ADMINMED:2798678","\i2b2\Medications\Administered Medications\115\117\d00438\ADMINMED:2798678\","sodium chloride",2020-10-18,2020-10-20,1,35
"51","medcations_before_and_after","03.27","Metronidazole","Flagyl","6922, 74169, 4603, 36676, 9143","metronidazole | metroNIDAZOLE, piperacillin / tazobactam, furosemide, sodium bicarbonate, ranitidine | raNITIdine","ADMINMED:2798678","\i2b2\Medications\Administered Medications\122\129\d00438\ADMINMED:2798678\","sodium chloride",2020-10-18,2020-10-20,1,35
"52","medcations_before_and_after","03.28","Mycostatin","Nystatin","7597","nystatin","HOMEMED:3684528","\i2b2\Medications\Ordered Medications\133\136\292\d04399\HOMEMED:3684528\","nystatin topical",2019-07-26,2019-07-26,1,2
"53","medcations_before_and_after","03.28","Mycostatin","Nystatin","7597","nystatin","HOMEMED:3684529","\i2b2\Medications\Ordered Medications\133\136\292\d04399\HOMEMED:3684529\","nystatin topical",2014-09-06,2014-09-06,1,2
"54","medcations_before_and_after","03.30","Nystatin","Mycostatin","7597","nystatin","HOMEMED:3684528","\i2b2\Medications\Ordered Medications\133\136\292\d04399\HOMEMED:3684528\","nystatin topical",2019-07-26,2019-07-26,1,2
"55","medcations_before_and_after","03.30","Nystatin","Mycostatin","7597","nystatin","HOMEMED:3684529","\i2b2\Medications\Ordered Medications\133\136\292\d04399\HOMEMED:3684529\","nystatin topical",2014-09-06,2014-09-06,1,2
"56","medcations_before_and_after","03.32","Penicillin","","7984","penicillin V | phenoxymethylpenicillin","ADMINMED:288807609","\i2b2\Medications\Administered Medications\1\13\226\d07730\ADMINMED:288807609\","penicillin V potassium",2013-04-29,2013-04-29,1,1
"57","medcations_before_and_after","03.32","Penicillin","","7984","penicillin V | phenoxymethylpenicillin","HOMEMED:288807616","\i2b2\Medications\Ordered Medications\1\13\226\d07730\HOMEMED:288807616\","penicillin V potassium",2012-02-17,2014-12-30,1,5
"58","medcations_before_and_after","03.33","Piperacillin","Pipracil","6922, 74169, 4603, 36676, 9143","metronidazole | metroNIDAZOLE, piperacillin / tazobactam, furosemide, sodium bicarbonate, ranitidine | raNITIdine","ADMINMED:2798678","\i2b2\Medications\Administered Medications\115\117\d00438\ADMINMED:2798678\","sodium chloride",2020-10-18,2020-10-20,1,35
"59","medcations_before_and_after","03.33","Piperacillin","Pipracil","6922, 74169, 4603, 36676, 9143","metronidazole | metroNIDAZOLE, piperacillin / tazobactam, furosemide, sodium bicarbonate, ranitidine | raNITIdine","ADMINMED:2798678","\i2b2\Medications\Administered Medications\122\129\d00438\ADMINMED:2798678\","sodium chloride",2020-10-18,2020-10-20,1,35
"60","medcations_before_and_after","03.35","Tobramycin","Tobrex","883815","dexamethasone / tobramycin","ADMINMED:2797553","\i2b2\Medications\Administered Medications\133\147\166\d03536\ADMINMED:2797553\","dexamethasone-tobramycin ophthalmic",2017-11-03,2017-11-04,1,10
"61","medcations_before_and_after","03.35","Tobramycin","Tobrex","883815","dexamethasone / tobramycin","HOMEMED:3674269","\i2b2\Medications\Ordered Medications\133\147\166\d03536\HOMEMED:3674269\","dexamethasone-tobramycin ophthalmic",2017-11-03,2017-11-03,1,2
"62","medcations_before_and_after","03.37","Vancomycin","","20481, 2191, 1596450, 11124, 5224","cefepime, ceftazidime | cefTAZidime, gentamicin, vancomycin, heparin","ADMINMED:2798880","\i2b2\Medications\Administered Medications\1\406\d00125\ADMINMED:2798880\","vancomycin",2007-07-02,2021-03-08,6,155
"63","medcations_before_and_after","03.37","Vancomycin","","11124","vancomycin","HOMEMED:3671214","\i2b2\Medications\Ordered Medications\1\406\d00125\HOMEMED:3671214\","vancomycin",2021-02-20,2021-02-20,1,1
"64","medcations_before_and_after","06.01","Clonidine","Catapres, Duraclon","2599","clonidine | cloNIDine","ADMINMED:2797449","\i2b2\Medications\Administered Medications\40\44\d00044\ADMINMED:2797449\","cloNIDine",2020-02-02,2021-02-04,2,8
"65","medcations_before_and_after","06.01","Clonidine","Catapres, Duraclon","2599","clonidine | cloNIDine","HOMEMED:3670577","\i2b2\Medications\Ordered Medications\40\44\d00044\HOMEMED:3670577\","cloNIDine",2020-02-05,2020-02-05,1,1
"66","medcations_before_and_after","06.08","Hydralazine","Apresoline","5470","hydralazine | hydrALAZINE","ADMINMED:2797935","\i2b2\Medications\Administered Medications\40\53\d00132\ADMINMED:2797935\","hydrALAZINE",2020-05-08,2020-05-12,1,4
"67","medcations_before_and_after","07.02","Aspirin","","1191","aspirin","ADMINMED:2796980","\i2b2\Medications\Administered Medications\57\58\62\d00170\ADMINMED:2796980\","aspirin",2019-07-19,2021-03-18,38,289
"68","medcations_before_and_after","07.02","Aspirin","","1191","aspirin","ADMINMED:2796980","\i2b2\Medications\Administered Medications\81\83\211\d00170\ADMINMED:2796980\","aspirin",2019-07-19,2021-03-18,38,289
"69","medcations_before_and_after","07.02","Aspirin","","1191","aspirin","HOMEMED:3654772","\i2b2\Medications\Ordered Medications\57\58\62\d00170\HOMEMED:3654772\","aspirin",2020-12-21,2020-12-21,1,1
"70","medcations_before_and_after","07.02","Aspirin","","1191","aspirin","HOMEMED:3654772","\i2b2\Medications\Ordered Medications\81\83\211\d00170\HOMEMED:3654772\","aspirin",2020-12-21,2020-12-21,1,1
"71","medcations_before_and_after","07.02","Aspirin","","1191","aspirin","HOMEMED:3654774","\i2b2\Medications\Ordered Medications\57\58\62\d00170\HOMEMED:3654774\","aspirin",2019-07-20,2021-04-15,38,54
"72","medcations_before_and_after","07.02","Aspirin","","1191","aspirin","HOMEMED:3654774","\i2b2\Medications\Ordered Medications\81\83\211\d00170\HOMEMED:3654774\","aspirin",2019-07-20,2021-04-15,38,54
"73","medcations_before_and_after","07.06","Enoxaparin","Lovenox","67108","enoxaparin","ADMINMED:2797686","\i2b2\Medications\Administered Medications\81\82\261\d03041\ADMINMED:2797686\","enoxaparin",2020-05-05,2021-03-18,29,326
"74","medcations_before_and_after","07.06","Enoxaparin","Lovenox","67108","enoxaparin","HOMEMED:10697071","\i2b2\Medications\Ordered Medications\81\82\261\d03041\HOMEMED:10697071\","enoxaparin",2020-05-24,2020-05-27,2,3
"75","medcations_before_and_after","07.06","Enoxaparin","Lovenox","67108","enoxaparin","HOMEMED:3676235","\i2b2\Medications\Ordered Medications\81\82\261\d03041\HOMEMED:3676235\","enoxaparin",2021-01-21,2021-01-21,1,1
"76","medcations_before_and_after","07.06","Enoxaparin","Lovenox","67108","enoxaparin","HOMEMED:3676238","\i2b2\Medications\Ordered Medications\81\82\261\d03041\HOMEMED:3676238\","enoxaparin",2020-08-21,2020-08-21,1,2
"77","medcations_before_and_after","07.08","Heparin","","5224","heparin","ADMINMED:212159319","\i2b2\Medications\Administered Medications\81\82\261\d07385\ADMINMED:212159319\","heparin flush",2020-04-22,2021-03-13,13,148
"78","medcations_before_and_after","07.08","Heparin","","greater than 5 RXNORM codes mapped to BCH code","greater than 5 RXNORM codes mapped to BCH code","ADMINMED:2797919","\i2b2\Medications\Administered Medications\81\82\261\d00252\ADMINMED:2797919\","heparin",2020-04-23,2021-01-29,5,8558
"79","medcations_before_and_after","07.08","Heparin","","20481, 2191, 1596450, 11124, 5224","cefepime, ceftazidime | cefTAZidime, gentamicin, vancomycin, heparin","ADMINMED:2798880","\i2b2\Medications\Administered Medications\1\406\d00125\ADMINMED:2798880\","vancomycin",2007-07-02,2021-03-08,6,155
"80","medcations_before_and_after","07.08","Heparin","","5224, 9143, 3002","heparin, ranitidine | raNITIdine, cyclophosphamide","ADMINMED:4103305","\i2b2\Medications\Administered Medications\Non-Categorized\4103305\ADMINMED:4103305\","Non-Formulary",2020-05-02,2020-05-02,1,3
"81","medcations_before_and_after","07.08","Heparin","","5224","heparin","HOMEMED:130873250","\i2b2\Medications\Ordered Medications\81\82\261\d07385\HOMEMED:130873250\","heparin flush",2020-12-27,2020-12-27,1,1
"82","medcations_before_and_after","07.11","Tirofiban","Aggrastat","73137, 1808, 4337","tirofiban, bumetanide, fentanyl | fentaNYL","ADMINMED:15612623","\i2b2\Medications\Administered Medications\Non-Categorized\15612623\ADMINMED:15612623\","syringe contains",2021-01-24,2021-01-29,1,435
"83","medcations_before_and_after","07.13","Apixaban","Eliquis","1364430","apixaban","ADMINMED:467428629","\i2b2\Medications\Administered Medications\81\82\285\d07804\ADMINMED:467428629\","apixaban",2020-04-28,2021-02-09,9,60
"84","medcations_before_and_after","07.13","Apixaban","Eliquis","1364430","apixaban","HOMEMED:467428636","\i2b2\Medications\Ordered Medications\81\82\285\d07804\HOMEMED:467428636\","apixaban",2020-11-25,2021-01-21,1,3
"85","medcations_before_and_after","07.13","Apixaban","Eliquis","1364430","apixaban","HOMEMED:467428637","\i2b2\Medications\Ordered Medications\81\82\285\d07804\HOMEMED:467428637\","apixaban",2020-05-09,2021-02-24,8,13
"86","medcations_before_and_after","07.13","Apixaban","Eliquis","1364430","apixaban","HOMEMED:467428639","\i2b2\Medications\Ordered Medications\81\82\285\d07804\HOMEMED:467428639\","apixaban",2021-02-26,2021-02-26,1,1
"87","medcations_before_and_after","07.13","Apixaban","Eliquis","1364430","apixaban","HOMEMED:467428640","\i2b2\Medications\Ordered Medications\81\82\285\d07804\HOMEMED:467428640\","apixaban",2021-02-26,2021-02-26,1,1
"88","medcations_before_and_after","08.03","Amlodipine","Norvasc","17767","amlodipine | amLODIPine","ADMINMED:2797372","\i2b2\Medications\Administered Medications\40\48\d00689\ADMINMED:2797372\","amLODIPine",2021-01-12,2021-01-18,1,12
"89","medcations_before_and_after","08.03","Amlodipine","Norvasc","17767","amlodipine | amLODIPine","HOMEMED:3653656","\i2b2\Medications\Ordered Medications\40\48\d00689\HOMEMED:3653656\","amLODIPine",2021-01-14,2021-01-14,1,1
"90","medcations_before_and_after","08.06","Bisoprolol","Zebeta","19484","bisoprolol","ADMINMED:2797099","\i2b2\Medications\Administered Medications\40\47\274\d00709\ADMINMED:2797099\","bisoprolol",2021-03-12,2021-03-18,1,6
"91","medcations_before_and_after","08.06","Bisoprolol","Zebeta","19484","bisoprolol","HOMEMED:3656102","\i2b2\Medications\Ordered Medications\40\47\274\d00709\HOMEMED:3656102\","bisoprolol",2021-03-17,2021-03-30,1,2
"92","medcations_before_and_after","08.09","Carvedilol","Coreg","20352","carvedilol","HOMEMED:3671711","\i2b2\Medications\Ordered Medications\40\47\275\d03847\HOMEMED:3671711\","carvedilol",2021-01-21,2021-01-21,1,1
"93","medcations_before_and_after","08.14","Metoprolol","Lopressor, Toprol","6918","metoprolol","ADMINMED:2798247","\i2b2\Medications\Administered Medications\40\47\274\d00134\ADMINMED:2798247\","metoprolol",2020-08-17,2021-04-15,2,3
"94","medcations_before_and_after","08.16","Nisoldipine","Sular","1008034","Neisseria meningitidis serogroup A capsular polysaccharide diphtheria toxoid protein conjugate vaccine / Neisseria meningitidis serogroup C capsular polysaccharide diphtheria toxoid protein conjugate vaccine / Neisseria meningitidis serogroup W-135 capsular polysaccharide diphtheria toxoid protein conjugate vaccine / Neisseria meningitidis serogroup Y capsular polysaccharide diphtheria toxoid protein conjugate vaccine","ADMINMED:15611499","\i2b2\Medications\Administered Medications\254\437\31\d05432\ADMINMED:15611499\","meningococcal conjugate vaccine",2009-05-27,2018-08-22,4,9
"95","medcations_before_and_after","08.16","Nisoldipine","Sular","1008803","Streptococcus pneumoniae serotype 1 capsular antigen diphtheria CRM197 protein conjugate vaccine / Streptococcus pneumoniae serotype 14 capsular antigen diphtheria CRM197 protein conjugate vaccine / Streptococcus pneumoniae serotype 18C capsular antigen diphtheria CRM197 protein conjugate vaccine / Streptococcus pneumoniae serotype 19A capsular antigen diphtheria CRM197 protein conjugate vaccine / Streptococcus pneumoniae serotype 19F capsular antigen diphtheria CRM197 protein conjugate vaccine / Streptococcus pneumoniae serotype 23F capsular antigen diphtheria CRM197 protein conjugate vaccine / Streptococcus pneumoniae serotype 3 capsular antigen diphtheria CRM197 protein conjugate vaccine / Streptococcus pneumoniae serotype 4 capsular antigen diphtheria CRM197 protein conjugate vaccine / Streptococcus pneumoniae serotype 5 capsular antigen diphtheria CRM197 protein conjugate vaccine / Streptococcus pneumoniae serotype 6A capsular antigen diphtheria CRM197 protein conjugate vaccine / Streptococcus pneumoniae serotype 6B capsular antigen diphtheria CRM197 protein conjugate vaccine / Streptococcus pneumoniae serotype 7F capsular antigen diphtheria CRM197 protein conjugate vaccine / Streptococcus pneumoniae serotype 9V capsular antigen diphtheria CRM197 protein conjugate vaccine","ADMINMED:199347052","\i2b2\Medications\Administered Medications\254\437\31\d07586\ADMINMED:199347052\","pneumococcal 13-valent conjugate vaccine",2010-05-21,2020-08-12,5,15
"96","medcations_before_and_after","08.16","Nisoldipine","Sular","1008933","acellular pertussis vaccine, inactivated / diphtheria toxoid vaccine, inactivated / Haemophilus influenzae type b, capsular polysaccharide inactivated tetanus toxoid conjugate vaccine / poliovirus vaccine inactivated, type 1 (Mahoney) / poliovirus vaccine inactivated, type 2 (MEF-1) / poliovirus vaccine inactivated, type 3 (Saukett) / tetanus toxoid vaccine, inactivated","ADMINMED:212159316","\i2b2\Medications\Administered Medications\254\437\432\d04674\ADMINMED:212159316\","diphth/haemophilus/pertussis/tetanus/polio",2011-09-08,2019-12-20,2,6
"97","medcations_before_and_after","08.16","Nisoldipine","Sular","798279","Haemophilus influenzae type b, capsular polysaccharide inactivated tetanus toxoid conjugate vaccine","ADMINMED:4103254","\i2b2\Medications\Administered Medications\254\437\31\d05343\ADMINMED:4103254\","haemophilus b conjugate (PRP-T) vaccine",2018-11-05,2019-12-13,1,4
"98","medcations_before_and_after","08.16","Nisoldipine","Sular","1008785","Streptococcus pneumoniae type 1 capsular polysaccharide antigen / Streptococcus pneumoniae type 10A capsular polysaccharide antigen / Streptococcus pneumoniae type 11A capsular polysaccharide antigen / Streptococcus pneumoniae type 12F capsular polysaccharide antigen / Streptococcus pneumoniae type 14 capsular polysaccharide antigen / Streptococcus pneumoniae type 15B capsular polysaccharide antigen / Streptococcus pneumoniae type 17F capsular polysaccharide antigen / Streptococcus pneumoniae type 18C capsular polysaccharide antigen / Streptococcus pneumoniae type 19A capsular polysaccharide antigen / Streptococcus pneumoniae type 19F capsular polysaccharide antigen / Streptococcus pneumoniae type 2 capsular polysaccharide antigen / Streptococcus pneumoniae type 20 capsular polysaccharide antigen / Streptococcus pneumoniae type 22F capsular polysaccharide antigen / Streptococcus pneumoniae type 23F capsular polysaccharide antigen / Streptococcus pneumoniae type 3 capsular polysaccharide antigen / Streptococcus pneumoniae type 33F capsular polysaccharide antigen / Streptococcus pneumoniae type 4 capsular polysaccharide antigen / Streptococcus pneumoniae type 5 capsular polysaccharide antigen / Streptococcus pneumoniae type 6B capsular polysaccharide antigen / Streptococcus pneumoniae type 7F capsular polysaccharide antigen / Streptococcus pneumoniae type 8 capsular polysaccharide antigen / Streptococcus pneumoniae type 9N capsular polysaccharide antigen / Streptococcus pneumoniae type 9V capsular polysaccharide antigen","ADMINMED:4103320","\i2b2\Medications\Administered Medications\254\437\31\d05337\ADMINMED:4103320\","pneumococcal 23-polyvalent vaccine",2009-05-27,2020-07-28,1,5
"99","medcations_before_and_after","10.01","Albuterol","Ventolin, Xopenex, Preventil","435","albuterol","ADMINMED:2797322","\i2b2\Medications\Administered Medications\122\125\180\d00749\ADMINMED:2797322\","albuterol",2009-06-12,2020-05-08,2,18
"100","medcations_before_and_after","10.01","Albuterol","Ventolin, Xopenex, Preventil","435","albuterol","HOMEMED:3653202","\i2b2\Medications\Ordered Medications\122\125\180\d00749\HOMEMED:3653202\","albuterol",2021-01-26,2021-01-26,1,1
"101","medcations_before_and_after","10.01","Albuterol","Ventolin, Xopenex, Preventil","435","albuterol","HOMEMED:3653215","\i2b2\Medications\Ordered Medications\122\125\180\d00749\HOMEMED:3653215\","albuterol",2018-11-02,2018-11-02,1,1
"102","medcations_before_and_after","10.01","Albuterol","Ventolin, Xopenex, Preventil","435","albuterol","HOMEMED:3653217","\i2b2\Medications\Ordered Medications\122\125\180\d00749\HOMEMED:3653217\","albuterol",2009-06-15,2009-06-15,1,1
"103","medcations_before_and_after","10.01","Albuterol","Ventolin, Xopenex, Preventil","435","albuterol","HOMEMED:3653218","\i2b2\Medications\Ordered Medications\122\125\180\d00749\HOMEMED:3653218\","albuterol",2017-11-22,2020-06-08,2,5
"104","medcations_before_and_after","10.01","Albuterol","Ventolin, Xopenex, Preventil","237159","levalbuterol","HOMEMED:3681016","\i2b2\Medications\Ordered Medications\122\125\180\d04427\HOMEMED:3681016\","levalbuterol",2017-11-22,2017-11-22,1,1
"105","medcations_before_and_after","10.05","Fluticasone","Flovent, Flonase","41126","fluticasone","ADMINMED:2797819","\i2b2\Medications\Administered Medications\122\130\296\d01296\ADMINMED:2797819\","fluticasone",2021-02-19,2021-02-28,1,19
"106","medcations_before_and_after","10.05","Fluticasone","Flovent, Flonase","41126","fluticasone","HOMEMED:10697365","\i2b2\Medications\Ordered Medications\122\130\296\d01296\HOMEMED:10697365\","fluticasone",2018-06-21,2018-11-02,1,2
"107","medcations_before_and_after","10.05","Fluticasone","Flovent, Flonase","41126","fluticasone","HOMEMED:10697366","\i2b2\Medications\Ordered Medications\122\130\296\d01296\HOMEMED:10697366\","fluticasone",2009-09-24,2009-09-24,1,1
"108","medcations_before_and_after","10.05","Fluticasone","Flovent, Flonase","41126","fluticasone","HOMEMED:10697368","\i2b2\Medications\Ordered Medications\122\130\296\d01296\HOMEMED:10697368\","fluticasone",2021-01-11,2021-01-11,1,1
"109","medcations_before_and_after","10.05","Fluticasone","Flovent, Flonase","41126","fluticasone","HOMEMED:10697369","\i2b2\Medications\Ordered Medications\122\130\296\d01296\HOMEMED:10697369\","fluticasone",2021-02-18,2021-02-18,1,1
"110","medcations_before_and_after","10.05","Fluticasone","Flovent, Flonase","41126","fluticasone","HOMEMED:3677786","\i2b2\Medications\Ordered Medications\133\247\245\d04283\HOMEMED:3677786\","fluticasone nasal",2009-09-24,2009-09-24,1,1
"111","medcations_before_and_after","10.06","Ipratropium","Atrovent","7213","ipratropium","ADMINMED:2798045","\i2b2\Medications\Administered Medications\122\125\299\d00265\ADMINMED:2798045\","ipratropium",2018-04-18,2018-06-21,1,2
"112","medcations_before_and_after","11.02","Amoxicillin-Clavulanic Acid","Augmentin","3443","diltiazem | dilTIAZem","ADMINMED:2797607","\i2b2\Medications\Administered Medications\40\46\388\d00045\ADMINMED:2797607\","diltiazem",2021-03-08,2021-03-12,1,124
"113","medcations_before_and_after","11.02","Amoxicillin-Clavulanic Acid","Augmentin","3443","diltiazem | dilTIAZem","ADMINMED:2797607","\i2b2\Medications\Administered Medications\40\48\d00045\ADMINMED:2797607\","diltiazem",2021-03-08,2021-03-12,1,124
"114","medcations_before_and_after","11.05","Nicardipine","Cardene","7396","nicardipine | niCARdipine","ADMINMED:2798334","\i2b2\Medications\Administered Medications\40\48\d00315\ADMINMED:2798334\","niCARdipine",2021-03-10,2021-03-11,1,27
"115","medcations_before_and_after","13.02","Captopril","Capoten","1998","captopril","HOMEMED:3671376","\i2b2\Medications\Ordered Medications\40\42\d00006\HOMEMED:3671376\","captopril",2016-04-12,2016-04-12,1,1
"116","medcations_before_and_after","13.04","Enalapril","Vasotec","3827, 3829","enalapril, enalaprilat","ADMINMED:2797681","\i2b2\Medications\Administered Medications\40\42\d00013\ADMINMED:2797681\","enalapril",2020-05-04,2021-01-12,2,54
"117","medcations_before_and_after","13.04","Enalapril","Vasotec","3827, 3829","enalapril, enalaprilat","HOMEMED:3676203","\i2b2\Medications\Ordered Medications\40\42\d00013\HOMEMED:3676203\","enalapril",2020-05-09,2020-08-03,1,12
"118","medcations_before_and_after","13.05","Enalaprilat","Vasotec","3827, 3829","enalapril, enalaprilat","ADMINMED:2797681","\i2b2\Medications\Administered Medications\40\42\d00013\ADMINMED:2797681\","enalapril",2020-05-04,2021-01-12,2,54
"119","medcations_before_and_after","13.05","Enalaprilat","Vasotec","3827, 3829","enalapril, enalaprilat","HOMEMED:3676203","\i2b2\Medications\Ordered Medications\40\42\d00013\HOMEMED:3676203\","enalapril",2020-05-09,2020-08-03,1,12
"120","medcations_before_and_after","13.07","Lisinopril","Prinivil, Zestril","29046","lisinopril","HOMEMED:3681358","\i2b2\Medications\Ordered Medications\40\42\d00732\HOMEMED:3681358\","lisinopril",2021-01-25,2021-03-09,2,2
"121","medcations_before_and_after","14.04","Bumetanide","Bumex","73137, 1808, 4337","tirofiban, bumetanide, fentanyl | fentaNYL","ADMINMED:15612623","\i2b2\Medications\Administered Medications\Non-Categorized\15612623\ADMINMED:15612623\","syringe contains",2021-01-24,2021-01-29,1,435
"122","medcations_before_and_after","14.05","Chlorothiazide","Diuril","2396","chlorothiazide","ADMINMED:2797261","\i2b2\Medications\Administered Medications\40\49\156\d00190\ADMINMED:2797261\","chlorothiazide",2021-01-27,2021-01-27,1,2
"123","medcations_before_and_after","14.08","Furosemide","Lasix","4603","furosemide","ADMINMED:2797841","\i2b2\Medications\Administered Medications\40\49\154\d00070\ADMINMED:2797841\","furosemide",2020-04-23,2021-03-12,12,90
"124","medcations_before_and_after","14.08","Furosemide","Lasix","6922, 74169, 4603, 36676, 9143","metronidazole | metroNIDAZOLE, piperacillin / tazobactam, furosemide, sodium bicarbonate, ranitidine | raNITIdine","ADMINMED:2798678","\i2b2\Medications\Administered Medications\115\117\d00438\ADMINMED:2798678\","sodium chloride",2020-10-18,2020-10-20,1,35
"125","medcations_before_and_after","14.08","Furosemide","Lasix","6922, 74169, 4603, 36676, 9143","metronidazole | metroNIDAZOLE, piperacillin / tazobactam, furosemide, sodium bicarbonate, ranitidine | raNITIdine","ADMINMED:2798678","\i2b2\Medications\Administered Medications\122\129\d00438\ADMINMED:2798678\","sodium chloride",2020-10-18,2020-10-20,1,35
"126","medcations_before_and_after","14.08","Furosemide","Lasix","4603","furosemide","HOMEMED:3677944","\i2b2\Medications\Ordered Medications\40\49\154\d00070\HOMEMED:3677944\","furosemide",2020-05-09,2020-05-09,1,1
"127","medcations_before_and_after","14.08","Furosemide","Lasix","4603","furosemide","HOMEMED:3677945","\i2b2\Medications\Ordered Medications\40\49\154\d00070\HOMEMED:3677945\","furosemide",2016-04-12,2016-04-12,1,1
"128","medcations_before_and_after","14.08","Furosemide","Lasix","4603","furosemide","HOMEMED:3677950","\i2b2\Medications\Ordered Medications\40\49\154\d00070\HOMEMED:3677950\","furosemide",2021-01-29,2021-01-29,1,2
"129","medcations_before_and_after","14.13","Spironolactone","Aldactone","9997","spironolactone","ADMINMED:2798711","\i2b2\Medications\Administered Medications\40\340\d00373\ADMINMED:2798711\","spironolactone",2020-04-24,2020-05-05,2,17
"130","medcations_before_and_after","14.13","Spironolactone","Aldactone","9997","spironolactone","ADMINMED:2798711","\i2b2\Medications\Administered Medications\40\49\155\d00373\ADMINMED:2798711\","spironolactone",2020-04-24,2020-05-05,2,17
"131","medcations_before_and_after","14.13","Spironolactone","Aldactone","9997","spironolactone","HOMEMED:3688386","\i2b2\Medications\Ordered Medications\40\340\d00373\HOMEMED:3688386\","spironolactone",2020-05-02,2020-05-02,1,1
"132","medcations_before_and_after","14.13","Spironolactone","Aldactone","9997","spironolactone","HOMEMED:3688386","\i2b2\Medications\Ordered Medications\40\49\155\d00373\HOMEMED:3688386\","spironolactone",2020-05-02,2020-05-02,1,1
"133","medcations_before_and_after","14.14","Bobindolol","","2396","chlorothiazide","ADMINMED:2797261","\i2b2\Medications\Administered Medications\40\49\156\d00190\ADMINMED:2797261\","chlorothiazide",2021-01-27,2021-01-27,1,2
"134","medcations_before_and_after","15.01","Calcium Chloride","","847627, 847630, 8591, 54987, 36676","greater than 5 RXNORM codes mapped to BCH code","ADMINMED:2798508","\i2b2\Medications\Administered Medications\115\117\d03777\ADMINMED:2798508\","potassium ACETATE",2020-08-09,2021-01-18,2,28
"135","medcations_before_and_after","15.01","Calcium Chloride","","847627, 34322","calcium chloride 0.001 MEQ/ML / glucose 50 MG/ML / potassium chloride 0.004 MEQ/ML / sodium chloride 0.103 MEQ/ML / sodium lactate 0.028 MEQ/ML Injectable Solution | Calcium Chloride 0.001 MEQ/ML / Glucose 50 MG/ML / K+ Chloride 0.004 MEQ/ML / NaCl 0.103 MEQ/ML / Sodium Lactate 0.028 MEQ/ML Injectable Solution | Calcium Chloride 0.001 MEQ/ML / Glucose 50 MG/ML / Pot Chloride 0.004 MEQ/ML / NaCl 0.103 MEQ/ML / Sodium Lactate 0.028 MEQ/ML Injectable Solution, potassium phosphate, calcium chloride 0.001 MEQ/ML / glucose 50 MG/ML / potassium chloride 0.004 MEQ/ML / sodium chloride 0.103 MEQ/ML / sodium lactate 0.028 MEQ/ML Injectable Solution","ADMINMED:2798525","\i2b2\Medications\Administered Medications\115\117\d03790\ADMINMED:2798525\","potassium PHOSPHATE",2020-04-24,2021-03-10,10,129
"136","medcations_before_and_after","15.01","Calcium Chloride","","847630, 8591","calcium chloride 0.0014 MEQ/ML / potassium chloride 0.004 MEQ/ML / sodium chloride 0.103 MEQ/ML / sodium lactate 0.028 MEQ/ML Injectable Solution | Calcium Chloride 0.0014 MEQ/ML / K+ Chloride 0.004 MEQ/ML / NaCl 0.103 MEQ/ML / Sodium Lactate 0.028 MEQ/ML Injectable Solution | Calcium Chloride 0.0014 MEQ/ML / Pot Chloride 0.004 MEQ/ML / NaCl 0.103 MEQ/ML / Sodium Lactate 0.028 MEQ/ML Injectable Solution, potassium chloride, calcium chloride 0.0014 MEQ/ML / potassium chloride 0.004 MEQ/ML / sodium chloride 0.103 MEQ/ML / sodium lactate 0.028 MEQ/ML Injectable Solution","ADMINMED:2798670","\i2b2\Medications\Administered Medications\113\265\d00471\ADMINMED:2798670\","sodium acetate",2021-01-15,2021-03-10,2,27
"137","medcations_before_and_after","15.01","Calcium Chloride","","847630, 8591","calcium chloride 0.0014 MEQ/ML / potassium chloride 0.004 MEQ/ML / sodium chloride 0.103 MEQ/ML / sodium lactate 0.028 MEQ/ML Injectable Solution | Calcium Chloride 0.0014 MEQ/ML / K+ Chloride 0.004 MEQ/ML / NaCl 0.103 MEQ/ML / Sodium Lactate 0.028 MEQ/ML Injectable Solution | Calcium Chloride 0.0014 MEQ/ML / Pot Chloride 0.004 MEQ/ML / NaCl 0.103 MEQ/ML / Sodium Lactate 0.028 MEQ/ML Injectable Solution, potassium chloride, calcium chloride 0.0014 MEQ/ML / potassium chloride 0.004 MEQ/ML / sodium chloride 0.103 MEQ/ML / sodium lactate 0.028 MEQ/ML Injectable Solution","ADMINMED:2798670","\i2b2\Medications\Administered Medications\115\117\d00471\ADMINMED:2798670\","sodium acetate",2021-01-15,2021-03-10,2,27
"138","medcations_before_and_after","15.01","Calcium Chloride","","732, 1596450, 1901, 6585, 36676","amphotericin B, gentamicin, calcium chloride, magnesium sulfate, sodium bicarbonate","ADMINMED:2798718","\i2b2\Medications\Administered Medications\133\150\d03998\ADMINMED:2798718\","sterile water",2021-01-15,2021-01-17,1,10
"139","medcations_before_and_after","15.01","Calcium Chloride","","847627","calcium chloride 0.001 MEQ/ML / glucose 50 MG/ML / potassium chloride 0.004 MEQ/ML / sodium chloride 0.103 MEQ/ML / sodium lactate 0.028 MEQ/ML Injectable Solution | Calcium Chloride 0.001 MEQ/ML / Glucose 50 MG/ML / K+ Chloride 0.004 MEQ/ML / NaCl 0.103 MEQ/ML / Sodium Lactate 0.028 MEQ/ML Injectable Solution | Calcium Chloride 0.001 MEQ/ML / Glucose 50 MG/ML / Pot Chloride 0.004 MEQ/ML / NaCl 0.103 MEQ/ML / Sodium Lactate 0.028 MEQ/ML Injectable Solution, calcium chloride 0.001 MEQ/ML / glucose 50 MG/ML / potassium chloride 0.004 MEQ/ML / sodium chloride 0.103 MEQ/ML / sodium lactate 0.028 MEQ/ML Injectable Solution","ADMINMED:2798990","\i2b2\Medications\Administered Medications\Non-Categorized\2798990\ADMINMED:2798990\","D-5 in Lactated Ringers Injection",2020-05-06,2021-02-19,6,30
"140","medcations_before_and_after","15.01","Calcium Chloride","","6387, 847630","lidocaine, calcium chloride 0.0014 MEQ/ML / potassium chloride 0.004 MEQ/ML / sodium chloride 0.103 MEQ/ML / sodium lactate 0.028 MEQ/ML Injectable Solution | Calcium Chloride 0.0014 MEQ/ML / K+ Chloride 0.004 MEQ/ML / NaCl 0.103 MEQ/ML / Sodium Lactate 0.028 MEQ/ML Injectable Solution | Calcium Chloride 0.0014 MEQ/ML / Pot Chloride 0.004 MEQ/ML / NaCl 0.103 MEQ/ML / Sodium Lactate 0.028 MEQ/ML Injectable Solution, calcium chloride 0.0014 MEQ/ML / potassium chloride 0.004 MEQ/ML / sodium chloride 0.103 MEQ/ML / sodium lactate 0.028 MEQ/ML Injectable Solution","ADMINMED:2799021","\i2b2\Medications\Administered Medications\Non-Categorized\2799021\ADMINMED:2799021\","Lactated Ringers Injection",2013-09-03,2021-03-06,14,63
"141","medcations_before_and_after","15.03","Magnesium","","466588","aluminum hydroxide / magnesium hydroxide / simethicone","ADMINMED:2797319","\i2b2\Medications\Administered Medications\87\88\d03478\ADMINMED:2797319\","Al hydroxide/Mg hydroxide/simethicone",2020-07-15,2020-07-15,1,2
"142","medcations_before_and_after","15.03","Magnesium","","6581","magnesium hydroxide","ADMINMED:2798161","\i2b2\Medications\Administered Medications\87\88\d00982\ADMINMED:2798161\","magnesium hydroxide",2017-05-23,2021-01-22,3,4
"143","medcations_before_and_after","15.03","Magnesium","","6581","magnesium hydroxide","ADMINMED:2798161","\i2b2\Medications\Administered Medications\87\95\d00982\ADMINMED:2798161\","magnesium hydroxide",2017-05-23,2021-01-22,3,4
"144","medcations_before_and_after","15.03","Magnesium","","6582","magnesium oxide","ADMINMED:2798164","\i2b2\Medications\Administered Medications\115\117\d03797\ADMINMED:2798164\","magnesium oxide",2021-02-08,2021-02-11,1,12
"145","medcations_before_and_after","15.03","Magnesium","","greater than 5 RXNORM codes mapped to BCH code","greater than 5 RXNORM codes mapped to BCH code","ADMINMED:2798167","\i2b2\Medications\Administered Medications\115\117\d00468\ADMINMED:2798167\","magnesium sulfate",2020-05-20,2021-01-24,4,90
"146","medcations_before_and_after","15.03","Magnesium","","greater than 5 RXNORM codes mapped to BCH code","greater than 5 RXNORM codes mapped to BCH code","ADMINMED:2798167","\i2b2\Medications\Administered Medications\57\64\204\d00468\ADMINMED:2798167\","magnesium sulfate",2020-05-20,2021-01-24,4,90
"147","medcations_before_and_after","15.03","Magnesium","","greater than 5 RXNORM codes mapped to BCH code","greater than 5 RXNORM codes mapped to BCH code","ADMINMED:2798167","\i2b2\Medications\Administered Medications\87\95\d00468\ADMINMED:2798167\","magnesium sulfate",2020-05-20,2021-01-24,4,90
"148","medcations_before_and_after","15.03","Magnesium","","732, 1596450, 1901, 6585, 36676","amphotericin B, gentamicin, calcium chloride, magnesium sulfate, sodium bicarbonate","ADMINMED:2798718","\i2b2\Medications\Administered Medications\133\150\d03998\ADMINMED:2798718\","sterile water",2021-01-15,2021-01-17,1,10
"149","medcations_before_and_after","15.03","Magnesium","","466588","aluminum hydroxide / magnesium hydroxide / simethicone","HOMEMED:395571686","\i2b2\Medications\Ordered Medications\87\88\d03478\HOMEMED:395571686\","Al hydroxide/Mg hydroxide/simethicone",2016-03-16,2021-02-05,2,4
"150","medcations_before_and_after","15.04","Potassium","","8591, 4278","potassium chloride, famotidine","ADMINMED:2797762","\i2b2\Medications\Administered Medications\87\94\d00141\ADMINMED:2797762\","famotidine",2020-05-07,2021-03-18,23,482
"151","medcations_before_and_after","15.04","Potassium","","1008621","potassium nitrate / sodium fluoride","ADMINMED:2797805","\i2b2\Medications\Administered Medications\115\117\d04397\ADMINMED:2797805\","fluoride topical",2018-07-10,2018-07-10,1,1
"152","medcations_before_and_after","15.04","Potassium","","847627, 847630, 8591, 54987, 36676","greater than 5 RXNORM codes mapped to BCH code","ADMINMED:2798508","\i2b2\Medications\Administered Medications\115\117\d03777\ADMINMED:2798508\","potassium ACETATE",2020-08-09,2021-01-18,2,28
"153","medcations_before_and_after","15.04","Potassium","","greater than 5 RXNORM codes mapped to BCH code","greater than 5 RXNORM codes mapped to BCH code","ADMINMED:2798516","\i2b2\Medications\Administered Medications\115\117\d00345\ADMINMED:2798516\","potassium CHLORIDE",2009-06-12,2021-03-12,19,1276
"154","medcations_before_and_after","15.04","Potassium","","847627, 34322","calcium chloride 0.001 MEQ/ML / glucose 50 MG/ML / potassium chloride 0.004 MEQ/ML / sodium chloride 0.103 MEQ/ML / sodium lactate 0.028 MEQ/ML Injectable Solution | Calcium Chloride 0.001 MEQ/ML / Glucose 50 MG/ML / K+ Chloride 0.004 MEQ/ML / NaCl 0.103 MEQ/ML / Sodium Lactate 0.028 MEQ/ML Injectable Solution | Calcium Chloride 0.001 MEQ/ML / Glucose 50 MG/ML / Pot Chloride 0.004 MEQ/ML / NaCl 0.103 MEQ/ML / Sodium Lactate 0.028 MEQ/ML Injectable Solution, potassium phosphate, calcium chloride 0.001 MEQ/ML / glucose 50 MG/ML / potassium chloride 0.004 MEQ/ML / sodium chloride 0.103 MEQ/ML / sodium lactate 0.028 MEQ/ML Injectable Solution","ADMINMED:2798525","\i2b2\Medications\Administered Medications\115\117\d03790\ADMINMED:2798525\","potassium PHOSPHATE",2020-04-24,2021-03-10,10,129
"155","medcations_before_and_after","15.04","Potassium","","1008010, 1009113","potassium phosphate / sodium phosphate, dibasic / sodium phosphate, monobasic, potassium phosphate / sodium phosphate, monobasic","ADMINMED:2798526","\i2b2\Medications\Administered Medications\115\117\d00427\ADMINMED:2798526\","potassium phosphate-sodium phosphate",2020-05-18,2021-01-29,4,18
"156","medcations_before_and_after","15.04","Potassium","","847630, 8591","calcium chloride 0.0014 MEQ/ML / potassium chloride 0.004 MEQ/ML / sodium chloride 0.103 MEQ/ML / sodium lactate 0.028 MEQ/ML Injectable Solution | Calcium Chloride 0.0014 MEQ/ML / K+ Chloride 0.004 MEQ/ML / NaCl 0.103 MEQ/ML / Sodium Lactate 0.028 MEQ/ML Injectable Solution | Calcium Chloride 0.0014 MEQ/ML / Pot Chloride 0.004 MEQ/ML / NaCl 0.103 MEQ/ML / Sodium Lactate 0.028 MEQ/ML Injectable Solution, potassium chloride, calcium chloride 0.0014 MEQ/ML / potassium chloride 0.004 MEQ/ML / sodium chloride 0.103 MEQ/ML / sodium lactate 0.028 MEQ/ML Injectable Solution","ADMINMED:2798670","\i2b2\Medications\Administered Medications\113\265\d00471\ADMINMED:2798670\","sodium acetate",2021-01-15,2021-03-10,2,27
"157","medcations_before_and_after","15.04","Potassium","","847630, 8591","calcium chloride 0.0014 MEQ/ML / potassium chloride 0.004 MEQ/ML / sodium chloride 0.103 MEQ/ML / sodium lactate 0.028 MEQ/ML Injectable Solution | Calcium Chloride 0.0014 MEQ/ML / K+ Chloride 0.004 MEQ/ML / NaCl 0.103 MEQ/ML / Sodium Lactate 0.028 MEQ/ML Injectable Solution | Calcium Chloride 0.0014 MEQ/ML / Pot Chloride 0.004 MEQ/ML / NaCl 0.103 MEQ/ML / Sodium Lactate 0.028 MEQ/ML Injectable Solution, potassium chloride, calcium chloride 0.0014 MEQ/ML / potassium chloride 0.004 MEQ/ML / sodium chloride 0.103 MEQ/ML / sodium lactate 0.028 MEQ/ML Injectable Solution","ADMINMED:2798670","\i2b2\Medications\Administered Medications\115\117\d00471\ADMINMED:2798670\","sodium acetate",2021-01-15,2021-03-10,2,27
"158","medcations_before_and_after","15.04","Potassium","","847627","calcium chloride 0.001 MEQ/ML / glucose 50 MG/ML / potassium chloride 0.004 MEQ/ML / sodium chloride 0.103 MEQ/ML / sodium lactate 0.028 MEQ/ML Injectable Solution | Calcium Chloride 0.001 MEQ/ML / Glucose 50 MG/ML / K+ Chloride 0.004 MEQ/ML / NaCl 0.103 MEQ/ML / Sodium Lactate 0.028 MEQ/ML Injectable Solution | Calcium Chloride 0.001 MEQ/ML / Glucose 50 MG/ML / Pot Chloride 0.004 MEQ/ML / NaCl 0.103 MEQ/ML / Sodium Lactate 0.028 MEQ/ML Injectable Solution, calcium chloride 0.001 MEQ/ML / glucose 50 MG/ML / potassium chloride 0.004 MEQ/ML / sodium chloride 0.103 MEQ/ML / sodium lactate 0.028 MEQ/ML Injectable Solution","ADMINMED:2798990","\i2b2\Medications\Administered Medications\Non-Categorized\2798990\ADMINMED:2798990\","D-5 in Lactated Ringers Injection",2020-05-06,2021-02-19,6,30
"159","medcations_before_and_after","15.04","Potassium","","6387, 847630","lidocaine, calcium chloride 0.0014 MEQ/ML / potassium chloride 0.004 MEQ/ML / sodium chloride 0.103 MEQ/ML / sodium lactate 0.028 MEQ/ML Injectable Solution | Calcium Chloride 0.0014 MEQ/ML / K+ Chloride 0.004 MEQ/ML / NaCl 0.103 MEQ/ML / Sodium Lactate 0.028 MEQ/ML Injectable Solution | Calcium Chloride 0.0014 MEQ/ML / Pot Chloride 0.004 MEQ/ML / NaCl 0.103 MEQ/ML / Sodium Lactate 0.028 MEQ/ML Injectable Solution, calcium chloride 0.0014 MEQ/ML / potassium chloride 0.004 MEQ/ML / sodium chloride 0.103 MEQ/ML / sodium lactate 0.028 MEQ/ML Injectable Solution","ADMINMED:2799021","\i2b2\Medications\Administered Medications\Non-Categorized\2799021\ADMINMED:2799021\","Lactated Ringers Injection",2013-09-03,2021-03-06,14,63
"160","medcations_before_and_after","15.04","Potassium","","8591, 34322, 36676, 9143, 3002","potassium chloride, potassium phosphate, sodium bicarbonate, ranitidine | raNITIdine, cyclophosphamide","ADMINMED:2799023","\i2b2\Medications\Administered Medications\Non-Categorized\2799023\ADMINMED:2799023\","Sodium Chloride 0.45%",2020-10-21,2021-03-10,2,40
"161","medcations_before_and_after","15.05","Sodium Bicarbonate","","847627, 847630, 8591, 54987, 36676","greater than 5 RXNORM codes mapped to BCH code","ADMINMED:2798508","\i2b2\Medications\Administered Medications\115\117\d03777\ADMINMED:2798508\","potassium ACETATE",2020-08-09,2021-01-18,2,28
"162","medcations_before_and_after","15.05","Sodium Bicarbonate","","greater than 5 RXNORM codes mapped to BCH code","greater than 5 RXNORM codes mapped to BCH code","ADMINMED:2798673","\i2b2\Medications\Administered Medications\113\265\d00440\ADMINMED:2798673\","sodium bicarbonate",2020-04-23,2021-03-07,5,70
"163","medcations_before_and_after","15.05","Sodium Bicarbonate","","greater than 5 RXNORM codes mapped to BCH code","greater than 5 RXNORM codes mapped to BCH code","ADMINMED:2798673","\i2b2\Medications\Administered Medications\115\117\d00440\ADMINMED:2798673\","sodium bicarbonate",2020-04-23,2021-03-07,5,70
"164","medcations_before_and_after","15.05","Sodium Bicarbonate","","greater than 5 RXNORM codes mapped to BCH code","greater than 5 RXNORM codes mapped to BCH code","ADMINMED:2798673","\i2b2\Medications\Administered Medications\87\88\d00440\ADMINMED:2798673\","sodium bicarbonate",2020-04-23,2021-03-07,5,70
"165","medcations_before_and_after","15.05","Sodium Bicarbonate","","6922, 74169, 4603, 36676, 9143","metronidazole | metroNIDAZOLE, piperacillin / tazobactam, furosemide, sodium bicarbonate, ranitidine | raNITIdine","ADMINMED:2798678","\i2b2\Medications\Administered Medications\115\117\d00438\ADMINMED:2798678\","sodium chloride",2020-10-18,2020-10-20,1,35
"166","medcations_before_and_after","15.05","Sodium Bicarbonate","","6922, 74169, 4603, 36676, 9143","metronidazole | metroNIDAZOLE, piperacillin / tazobactam, furosemide, sodium bicarbonate, ranitidine | raNITIdine","ADMINMED:2798678","\i2b2\Medications\Administered Medications\122\129\d00438\ADMINMED:2798678\","sodium chloride",2020-10-18,2020-10-20,1,35
"167","medcations_before_and_after","15.05","Sodium Bicarbonate","","732, 1596450, 1901, 6585, 36676","amphotericin B, gentamicin, calcium chloride, magnesium sulfate, sodium bicarbonate","ADMINMED:2798718","\i2b2\Medications\Administered Medications\133\150\d03998\ADMINMED:2798718\","sterile water",2021-01-15,2021-01-17,1,10
"168","medcations_before_and_after","15.05","Sodium Bicarbonate","","8591, 34322, 36676, 9143, 3002","potassium chloride, potassium phosphate, sodium bicarbonate, ranitidine | raNITIdine, cyclophosphamide","ADMINMED:2799023","\i2b2\Medications\Administered Medications\Non-Categorized\2799023\ADMINMED:2799023\","Sodium Chloride 0.45%",2020-10-21,2021-03-10,2,40
"169","medcations_before_and_after","16.06","Ranitidine","Zantac","9143","ranitidine | raNITIdine","ADMINMED:2798594","\i2b2\Medications\Administered Medications\87\94\d00021\ADMINMED:2798594\","ranitidine",2009-06-10,2016-03-16,2,8
"170","medcations_before_and_after","16.06","Ranitidine","Zantac","6922, 74169, 4603, 36676, 9143","metronidazole | metroNIDAZOLE, piperacillin / tazobactam, furosemide, sodium bicarbonate, ranitidine | raNITIdine","ADMINMED:2798678","\i2b2\Medications\Administered Medications\115\117\d00438\ADMINMED:2798678\","sodium chloride",2020-10-18,2020-10-20,1,35
"171","medcations_before_and_after","16.06","Ranitidine","Zantac","6922, 74169, 4603, 36676, 9143","metronidazole | metroNIDAZOLE, piperacillin / tazobactam, furosemide, sodium bicarbonate, ranitidine | raNITIdine","ADMINMED:2798678","\i2b2\Medications\Administered Medications\122\129\d00438\ADMINMED:2798678\","sodium chloride",2020-10-18,2020-10-20,1,35
"172","medcations_before_and_after","16.06","Ranitidine","Zantac","8591, 34322, 36676, 9143, 3002","potassium chloride, potassium phosphate, sodium bicarbonate, ranitidine | raNITIdine, cyclophosphamide","ADMINMED:2799023","\i2b2\Medications\Administered Medications\Non-Categorized\2799023\ADMINMED:2799023\","Sodium Chloride 0.45%",2020-10-21,2021-03-10,2,40
"173","medcations_before_and_after","16.06","Ranitidine","Zantac","5224, 9143, 3002","heparin, ranitidine | raNITIdine, cyclophosphamide","ADMINMED:4103305","\i2b2\Medications\Administered Medications\Non-Categorized\4103305\ADMINMED:4103305\","Non-Formulary",2020-05-02,2020-05-02,1,3
"174","medcations_before_and_after","16.06","Ranitidine","Zantac","9143","ranitidine | raNITIdine","HOMEMED:3687183","\i2b2\Medications\Ordered Medications\87\94\d00021\HOMEMED:3687183\","ranitidine",2016-03-16,2016-03-16,1,1
"175","medcations_before_and_after","16.07","Simethicone","Mylicon","466588","aluminum hydroxide / magnesium hydroxide / simethicone","ADMINMED:2797319","\i2b2\Medications\Administered Medications\87\88\d03478\ADMINMED:2797319\","Al hydroxide/Mg hydroxide/simethicone",2020-07-15,2020-07-15,1,2
"176","medcations_before_and_after","16.07","Simethicone","Mylicon","9796","simethicone","ADMINMED:2798662","\i2b2\Medications\Administered Medications\87\96\d01027\ADMINMED:2798662\","simethicone",2020-05-18,2020-05-25,1,3
"177","medcations_before_and_after","16.07","Simethicone","Mylicon","466588","aluminum hydroxide / magnesium hydroxide / simethicone","HOMEMED:395571686","\i2b2\Medications\Ordered Medications\87\88\d03478\HOMEMED:395571686\","Al hydroxide/Mg hydroxide/simethicone",2016-03-16,2021-02-05,2,4
"178","medcations_before_and_after","16.08","Sucralfate","Carafate","10156","sucralfate","HOMEMED:3688482","\i2b2\Medications\Ordered Medications\87\96\d00377\HOMEMED:3688482\","sucralfate",2013-09-03,2013-09-03,1,1
"179","medcations_before_and_after","16.10","Lansoprazole","Prevacid","17128","lansoprazole","HOMEMED:3680918","\i2b2\Medications\Ordered Medications\87\272\d03828\HOMEMED:3680918\","lansoprazole",2016-10-03,2016-10-03,1,1
"180","medcations_before_and_after","16.10","Lansoprazole","Prevacid","17128","lansoprazole","HOMEMED:3680919","\i2b2\Medications\Ordered Medications\87\272\d03828\HOMEMED:3680919\","lansoprazole",2020-05-25,2020-05-25,1,1
"181","medcations_before_and_after","16.10","Lansoprazole","Prevacid","17128","lansoprazole","HOMEMED:395571702","\i2b2\Medications\Ordered Medications\87\272\d03828\HOMEMED:395571702\","lansoprazole",2013-10-22,2013-10-22,1,1
"182","medcations_before_and_after","16.11","Famotidine","Pepcid","8591, 4278","potassium chloride, famotidine","ADMINMED:2797762","\i2b2\Medications\Administered Medications\87\94\d00141\ADMINMED:2797762\","famotidine",2020-05-07,2021-03-18,23,482
"183","medcations_before_and_after","16.11","Famotidine","Pepcid","4278","famotidine","HOMEMED:3677099","\i2b2\Medications\Ordered Medications\87\94\d00141\HOMEMED:3677099\","famotidine",2020-07-09,2020-11-12,2,2
"184","medcations_before_and_after","16.11","Famotidine","Pepcid","4278","famotidine","HOMEMED:3677102","\i2b2\Medications\Ordered Medications\87\94\d00141\HOMEMED:3677102\","famotidine",2020-06-08,2021-03-17,9,14
"185","medcations_before_and_after","16.11","Famotidine","Pepcid","4278","famotidine","HOMEMED:3677103","\i2b2\Medications\Ordered Medications\87\94\d00141\HOMEMED:3677103\","famotidine",2020-12-27,2020-12-27,1,1
"186","medcations_before_and_after","16.11","Famotidine","Pepcid","4278","famotidine","HOMEMED:3677106","\i2b2\Medications\Ordered Medications\87\94\d00141\HOMEMED:3677106\","famotidine",2020-06-02,2021-02-18,12,18
"187","medcations_before_and_after","18.03","Cortisone","","5492","hydrocortisone","ADMINMED:2797960","\i2b2\Medications\Administered Medications\97\98\301\d00254\ADMINMED:2797960\","hydrocortisone",2021-02-26,2021-02-26,1,2
"188","medcations_before_and_after","18.03","Cortisone","","5492","hydrocortisone","ADMINMED:2797963","\i2b2\Medications\Administered Medications\133\136\138\d03205\ADMINMED:2797963\","hydrocortisone topical",2019-07-19,2020-10-17,1,10
"189","medcations_before_and_after","18.03","Cortisone","","5492","hydrocortisone","HOMEMED:307878531","\i2b2\Medications\Ordered Medications\97\98\301\d00254\HOMEMED:307878531\","hydrocortisone",2020-07-03,2020-07-03,1,2
"190","medcations_before_and_after","18.03","Cortisone","","5492","hydrocortisone","HOMEMED:3679251","\i2b2\Medications\Ordered Medications\97\98\301\d00254\HOMEMED:3679251\","hydrocortisone",2021-03-10,2021-03-10,1,2
"191","medcations_before_and_after","18.03","Cortisone","","5492","hydrocortisone","HOMEMED:3679254","\i2b2\Medications\Ordered Medications\97\98\301\d00254\HOMEMED:3679254\","hydrocortisone",2020-07-03,2020-07-04,1,4
"192","medcations_before_and_after","18.03","Cortisone","","5492","hydrocortisone","HOMEMED:3679348","\i2b2\Medications\Ordered Medications\133\136\138\d03205\HOMEMED:3679348\","hydrocortisone topical",2019-11-05,2019-11-05,1,2
"193","medcations_before_and_after","18.03","Cortisone","","5492","hydrocortisone","HOMEMED:3679355","\i2b2\Medications\Ordered Medications\133\136\138\d03205\HOMEMED:3679355\","hydrocortisone topical",2019-06-25,2020-05-08,2,6
"194","medcations_before_and_after","18.03","Cortisone","","5492","hydrocortisone","HOMEMED:3679361","\i2b2\Medications\Ordered Medications\133\136\138\d03205\HOMEMED:3679361\","hydrocortisone topical",2015-08-16,2021-03-02,3,16
"195","medcations_before_and_after","18.04","Dexamethasone","Decadron","3264","dexamethasone","ADMINMED:2797549","\i2b2\Medications\Administered Medications\97\98\301\d00206\ADMINMED:2797549\","dexamethasone",2020-07-20,2020-07-21,1,3
"196","medcations_before_and_after","18.04","Dexamethasone","Decadron","883815","dexamethasone / tobramycin","ADMINMED:2797553","\i2b2\Medications\Administered Medications\133\147\166\d03536\ADMINMED:2797553\","dexamethasone-tobramycin ophthalmic",2017-11-03,2017-11-04,1,10
"197","medcations_before_and_after","18.04","Dexamethasone","Decadron","465397","ciprofloxacin / dexamethasone","ADMINMED:4103207","\i2b2\Medications\Administered Medications\133\148\171\d04890\ADMINMED:4103207\","ciprofloxacin-dexamethasone otic",2016-10-21,2017-11-04,1,12
"198","medcations_before_and_after","18.04","Dexamethasone","Decadron","465397","ciprofloxacin / dexamethasone","HOMEMED:3672973","\i2b2\Medications\Ordered Medications\133\148\171\d04890\HOMEMED:3672973\","ciprofloxacin-dexamethasone otic",2017-04-20,2019-01-04,2,6
"199","medcations_before_and_after","18.04","Dexamethasone","Decadron","883815","dexamethasone / tobramycin","HOMEMED:3674269","\i2b2\Medications\Ordered Medications\133\147\166\d03536\HOMEMED:3674269\","dexamethasone-tobramycin ophthalmic",2017-11-03,2017-11-03,1,2
"200","medcations_before_and_after","18.06","Hydrocortisone","Solu-cortef","5492","hydrocortisone","ADMINMED:2797960","\i2b2\Medications\Administered Medications\97\98\301\d00254\ADMINMED:2797960\","hydrocortisone",2021-02-26,2021-02-26,1,2
"201","medcations_before_and_after","18.06","Hydrocortisone","Solu-cortef","5492","hydrocortisone","ADMINMED:2797963","\i2b2\Medications\Administered Medications\133\136\138\d03205\ADMINMED:2797963\","hydrocortisone topical",2019-07-19,2020-10-17,1,10
"202","medcations_before_and_after","18.06","Hydrocortisone","Solu-cortef","5492","hydrocortisone","HOMEMED:307878531","\i2b2\Medications\Ordered Medications\97\98\301\d00254\HOMEMED:307878531\","hydrocortisone",2020-07-03,2020-07-03,1,2
"203","medcations_before_and_after","18.06","Hydrocortisone","Solu-cortef","5492","hydrocortisone","HOMEMED:3679251","\i2b2\Medications\Ordered Medications\97\98\301\d00254\HOMEMED:3679251\","hydrocortisone",2021-03-10,2021-03-10,1,2
"204","medcations_before_and_after","18.06","Hydrocortisone","Solu-cortef","5492","hydrocortisone","HOMEMED:3679254","\i2b2\Medications\Ordered Medications\97\98\301\d00254\HOMEMED:3679254\","hydrocortisone",2020-07-03,2020-07-04,1,4
"205","medcations_before_and_after","18.06","Hydrocortisone","Solu-cortef","5492","hydrocortisone","HOMEMED:3679348","\i2b2\Medications\Ordered Medications\133\136\138\d03205\HOMEMED:3679348\","hydrocortisone topical",2019-11-05,2019-11-05,1,2
"206","medcations_before_and_after","18.06","Hydrocortisone","Solu-cortef","5492","hydrocortisone","HOMEMED:3679355","\i2b2\Medications\Ordered Medications\133\136\138\d03205\HOMEMED:3679355\","hydrocortisone topical",2019-06-25,2020-05-08,2,6
"207","medcations_before_and_after","18.06","Hydrocortisone","Solu-cortef","5492","hydrocortisone","HOMEMED:3679361","\i2b2\Medications\Ordered Medications\133\136\138\d03205\HOMEMED:3679361\","hydrocortisone topical",2015-08-16,2021-03-02,3,16
"208","medcations_before_and_after","18.07","Insulin","","274783","insulin glargine","ADMINMED:2798012","\i2b2\Medications\Administered Medications\358\99\215\d04538\ADMINMED:2798012\","insulin glargine",2020-07-02,2021-01-13,2,4
"209","medcations_before_and_after","18.07","Insulin","","86009","insulin lispro","ADMINMED:2798015","\i2b2\Medications\Administered Medications\358\99\215\d04373\ADMINMED:2798015\","insulin lispro",2020-07-02,2021-01-14,2,23
"210","medcations_before_and_after","18.07","Insulin","","274783","insulin glargine","HOMEMED:130873270","\i2b2\Medications\Ordered Medications\358\99\215\d04538\HOMEMED:130873270\","insulin glargine",2021-01-14,2021-01-14,1,1
"211","medcations_before_and_after","18.07","Insulin","","86009","insulin lispro","HOMEMED:130873400","\i2b2\Medications\Ordered Medications\358\99\215\d04373\HOMEMED:130873400\","insulin lispro",2020-07-03,2020-07-03,1,1
"212","medcations_before_and_after","18.07","Insulin","","86009","insulin lispro","HOMEMED:130873401","\i2b2\Medications\Ordered Medications\358\99\215\d04373\HOMEMED:130873401\","insulin lispro",2021-01-14,2021-01-14,1,1
"213","medcations_before_and_after","18.07","Insulin","","274783","insulin glargine","HOMEMED:3680123","\i2b2\Medications\Ordered Medications\358\99\215\d04538\HOMEMED:3680123\","insulin glargine",2020-07-02,2021-01-13,2,4
"214","medcations_before_and_after","18.07","Insulin","","86009","insulin lispro","HOMEMED:3680164","\i2b2\Medications\Ordered Medications\358\99\215\d04373\HOMEMED:3680164\","insulin lispro",2020-07-02,2021-01-13,2,5
"215","medcations_before_and_after","18.08","Levothyroxine","Synthroid","10582","levothyroxine","ADMINMED:2798119","\i2b2\Medications\Administered Medications\97\103\d00278\ADMINMED:2798119\","levothyroxine",2021-01-26,2021-01-29,1,4
"216","medcations_before_and_after","18.08","Levothyroxine","Synthroid","10582","levothyroxine","HOMEMED:219219211","\i2b2\Medications\Ordered Medications\97\103\d00278\HOMEMED:219219211\","levothyroxine",2021-01-26,2021-01-26,1,1
"217","medcations_before_and_after","18.08","Levothyroxine","Synthroid","10582","levothyroxine","HOMEMED:3681121","\i2b2\Medications\Ordered Medications\97\103\d00278\HOMEMED:3681121\","levothyroxine",2021-01-29,2021-01-29,1,3
"218","medcations_before_and_after","18.08","Levothyroxine","Synthroid","10582","levothyroxine","HOMEMED:3681122","\i2b2\Medications\Ordered Medications\97\103\d00278\HOMEMED:3681122\","levothyroxine",2021-01-26,2021-01-29,1,3
"219","medcations_before_and_after","18.10","Prednisone","Bronkosol","8640","prednisone | predniSONE","ADMINMED:2798541","\i2b2\Medications\Administered Medications\97\98\301\d00350\ADMINMED:2798541\","predniSONE",2020-05-08,2021-03-18,16,79
"220","medcations_before_and_after","18.10","Prednisone","Bronkosol","8640","prednisone | predniSONE","HOMEMED:3686581","\i2b2\Medications\Ordered Medications\97\98\301\d00350\HOMEMED:3686581\","predniSONE",2020-05-09,2021-03-17,10,16
"221","medcations_before_and_after","18.10","Prednisone","Bronkosol","8640","prednisone | predniSONE","HOMEMED:3686582","\i2b2\Medications\Ordered Medications\97\98\301\d00350\HOMEMED:3686582\","predniSONE",2020-06-11,2020-06-11,1,1
"222","medcations_before_and_after","18.10","Prednisone","Bronkosol","8640","prednisone | predniSONE","HOMEMED:3686583","\i2b2\Medications\Ordered Medications\97\98\301\d00350\HOMEMED:3686583\","predniSONE",2020-05-29,2021-02-11,5,9
"223","medcations_before_and_after","18.10","Prednisone","Bronkosol","8640","prednisone | predniSONE","HOMEMED:3686584","\i2b2\Medications\Ordered Medications\97\98\301\d00350\HOMEMED:3686584\","predniSONE",2020-11-02,2021-03-10,5,7
"224","medcations_before_and_after","19.03","Dopamine","Inotropin","3628","dopamine | DOPamine","ADMINMED:2797644","\i2b2\Medications\Administered Medications\40\433\d00216\ADMINMED:2797644\","DOPamine",2020-04-22,2020-12-27,3,65
"225","medcations_before_and_after","19.03","Dopamine","Inotropin","3628","dopamine | DOPamine","ADMINMED:2797644","\i2b2\Medications\Administered Medications\40\50\d00216\ADMINMED:2797644\","DOPamine",2020-04-22,2020-12-27,3,65
"226","medcations_before_and_after","19.03","Dopamine","Inotropin","3628","dopamine | DOPamine","ADMINMED:2797644","\i2b2\Medications\Administered Medications\40\54\d00216\ADMINMED:2797644\","DOPamine",2020-04-22,2020-12-27,3,65
"227","medcations_before_and_after","19.04","Epinephrine","Adrenalin, Vaponefrin","107606","bupivacaine / epinephrine | bupivacaine / EPINEPHrine","ADMINMED:2797127","\i2b2\Medications\Administered Medications\105\109\d03783\ADMINMED:2797127\","bupivacaine-EPINEPHrine",2017-08-14,2017-08-14,1,1
"228","medcations_before_and_after","19.04","Epinephrine","Adrenalin, Vaponefrin","6387, 3992","lidocaine, epinephrine | EPINEPHrine","ADMINMED:2797692","\i2b2\Medications\Administered Medications\122\125\180\d00699\ADMINMED:2797692\","EPINEPHrine",2020-04-22,2021-03-12,9,1326
"229","medcations_before_and_after","19.04","Epinephrine","Adrenalin, Vaponefrin","6387, 3992","lidocaine, epinephrine | EPINEPHrine","ADMINMED:2797692","\i2b2\Medications\Administered Medications\40\433\d00699\ADMINMED:2797692\","EPINEPHrine",2020-04-22,2021-03-12,9,1326
"230","medcations_before_and_after","19.04","Epinephrine","Adrenalin, Vaponefrin","6387, 3992","lidocaine, epinephrine | EPINEPHrine","ADMINMED:2797692","\i2b2\Medications\Administered Medications\40\54\d00699\ADMINMED:2797692\","EPINEPHrine",2020-04-22,2021-03-12,9,1326
"231","medcations_before_and_after","19.04","Epinephrine","Adrenalin, Vaponefrin","3992","epinephrine | EPINEPHrine","HOMEMED:3676287","\i2b2\Medications\Ordered Medications\122\125\180\d00699\HOMEMED:3676287\","EPINEPHrine",2020-10-08,2021-02-12,2,3
"232","medcations_before_and_after","19.04","Epinephrine","Adrenalin, Vaponefrin","3992","epinephrine | EPINEPHrine","HOMEMED:3676287","\i2b2\Medications\Ordered Medications\40\433\d00699\HOMEMED:3676287\","EPINEPHrine",2020-10-08,2021-02-12,2,3
"233","medcations_before_and_after","19.04","Epinephrine","Adrenalin, Vaponefrin","3992","epinephrine | EPINEPHrine","HOMEMED:3676287","\i2b2\Medications\Ordered Medications\40\54\d00699\HOMEMED:3676287\","EPINEPHrine",2020-10-08,2021-02-12,2,3
"234","medcations_before_and_after","19.04","Epinephrine","Adrenalin, Vaponefrin","3992","epinephrine | EPINEPHrine","HOMEMED:3676288","\i2b2\Medications\Ordered Medications\122\125\180\d00699\HOMEMED:3676288\","EPINEPHrine",2021-02-19,2021-02-19,1,1
"235","medcations_before_and_after","19.04","Epinephrine","Adrenalin, Vaponefrin","3992","epinephrine | EPINEPHrine","HOMEMED:3676288","\i2b2\Medications\Ordered Medications\40\433\d00699\HOMEMED:3676288\","EPINEPHrine",2021-02-19,2021-02-19,1,1
"236","medcations_before_and_after","19.04","Epinephrine","Adrenalin, Vaponefrin","3992","epinephrine | EPINEPHrine","HOMEMED:3676288","\i2b2\Medications\Ordered Medications\40\54\d00699\HOMEMED:3676288\","EPINEPHrine",2021-02-19,2021-02-19,1,1
"237","medcations_before_and_after","19.04","Epinephrine","Adrenalin, Vaponefrin","3992","epinephrine | EPINEPHrine","HOMEMED:3676295","\i2b2\Medications\Ordered Medications\122\125\180\d00699\HOMEMED:3676295\","EPINEPHrine",2021-04-12,2021-04-12,1,1
"238","medcations_before_and_after","19.04","Epinephrine","Adrenalin, Vaponefrin","3992","epinephrine | EPINEPHrine","HOMEMED:3676295","\i2b2\Medications\Ordered Medications\40\433\d00699\HOMEMED:3676295\","EPINEPHrine",2021-04-12,2021-04-12,1,1
"239","medcations_before_and_after","19.04","Epinephrine","Adrenalin, Vaponefrin","3992","epinephrine | EPINEPHrine","HOMEMED:3676295","\i2b2\Medications\Ordered Medications\40\54\d00699\HOMEMED:3676295\","EPINEPHrine",2021-04-12,2021-04-12,1,1
"240","medcations_before_and_after","19.07","Milrinone","Primacor","52769","milrinone","ADMINMED:2798259","\i2b2\Medications\Administered Medications\40\50\d00302\ADMINMED:2798259\","milrinone",2020-04-25,2021-03-13,3,234
"241","medcations_before_and_after","22.01","Acetaminophen","Tylenol","161","acetaminophen","ADMINMED:2797281","\i2b2\Medications\Administered Medications\57\58\59\d00049\ADMINMED:2797281\","acetaminophen",2007-05-22,2021-03-17,44,449
"242","medcations_before_and_after","22.01","Acetaminophen","Tylenol","161","acetaminophen","HOMEMED:109816030","\i2b2\Medications\Ordered Medications\57\58\59\d00049\HOMEMED:109816030\","acetaminophen",2020-05-25,2020-05-25,1,1
"243","medcations_before_and_after","22.01","Acetaminophen","Tylenol","161","acetaminophen","HOMEMED:280350337","\i2b2\Medications\Ordered Medications\57\58\59\d00049\HOMEMED:280350337\","acetaminophen",2020-11-24,2020-12-27,2,3
"244","medcations_before_and_after","22.01","Acetaminophen","Tylenol","161","acetaminophen","HOMEMED:3652593","\i2b2\Medications\Ordered Medications\57\58\59\d00049\HOMEMED:3652593\","acetaminophen",2018-02-08,2020-11-14,6,6
"245","medcations_before_and_after","22.01","Acetaminophen","Tylenol","161","acetaminophen","HOMEMED:3652597","\i2b2\Medications\Ordered Medications\57\58\59\d00049\HOMEMED:3652597\","acetaminophen",2018-02-22,2020-08-12,2,2
"246","medcations_before_and_after","22.01","Acetaminophen","Tylenol","161","acetaminophen","HOMEMED:3652610","\i2b2\Medications\Ordered Medications\57\58\59\d00049\HOMEMED:3652610\","acetaminophen",2020-08-16,2021-02-20,2,2
"247","medcations_before_and_after","22.01","Acetaminophen","Tylenol","161","acetaminophen","HOMEMED:3652621","\i2b2\Medications\Ordered Medications\57\58\59\d00049\HOMEMED:3652621\","acetaminophen",2020-03-06,2020-03-06,1,1
"248","medcations_before_and_after","22.01","Acetaminophen","Tylenol","161","acetaminophen","HOMEMED:3652626","\i2b2\Medications\Ordered Medications\57\58\59\d00049\HOMEMED:3652626\","acetaminophen",2012-12-21,2021-01-31,9,13
"249","medcations_before_and_after","22.01","Acetaminophen","Tylenol","161","acetaminophen","HOMEMED:3652627","\i2b2\Medications\Ordered Medications\57\58\59\d00049\HOMEMED:3652627\","acetaminophen",2021-02-05,2021-02-05,1,1
"250","medcations_before_and_after","22.01","Acetaminophen","Tylenol","161","acetaminophen","HOMEMED:3652628","\i2b2\Medications\Ordered Medications\57\58\59\d00049\HOMEMED:3652628\","acetaminophen",2020-05-09,2021-01-30,7,8
"251","medcations_before_and_after","22.01","Acetaminophen","Tylenol","161","acetaminophen","HOMEMED:3652631","\i2b2\Medications\Ordered Medications\57\58\59\d00049\HOMEMED:3652631\","acetaminophen",2021-02-19,2021-02-19,1,1
"252","medcations_before_and_after","22.01","Acetaminophen","Tylenol","161","acetaminophen","HOMEMED:3652652","\i2b2\Medications\Ordered Medications\57\58\59\d00049\HOMEMED:3652652\","acetaminophen",2013-01-22,2014-04-13,2,2
"253","medcations_before_and_after","22.01","Acetaminophen","Tylenol","161","acetaminophen","HOMEMED:3652680","\i2b2\Medications\Ordered Medications\57\58\59\d00049\HOMEMED:3652680\","acetaminophen",2020-05-29,2021-01-13,2,2
"254","medcations_before_and_after","22.05","Diazepam","Valium","3322","diazepam | diazePAM","HOMEMED:10696931","\i2b2\Medications\Ordered Medications\57\64\203\d00148\HOMEMED:10696931\","diazepam",2017-06-01,2018-08-29,1,3
"255","medcations_before_and_after","22.05","Diazepam","Valium","3322","diazepam | diazePAM","HOMEMED:10696931","\i2b2\Medications\Ordered Medications\57\67\69\d00148\HOMEMED:10696931\","diazepam",2017-06-01,2018-08-29,1,3
"256","medcations_before_and_after","22.05","Diazepam","Valium","3322","diazepam | diazePAM","HOMEMED:3674814","\i2b2\Medications\Ordered Medications\57\64\203\d00148\HOMEMED:3674814\","diazepam",2016-05-09,2016-05-09,1,1
"257","medcations_before_and_after","22.05","Diazepam","Valium","3322","diazepam | diazePAM","HOMEMED:3674814","\i2b2\Medications\Ordered Medications\57\67\69\d00148\HOMEMED:3674814\","diazepam",2016-05-09,2016-05-09,1,1
"258","medcations_before_and_after","22.06","Diphenhydramine","Benadryl","3498","diphenhydramine | diphenhydrAMINE","ADMINMED:2797614","\i2b2\Medications\Administered Medications\122\123\d00212\ADMINMED:2797614\","diphenhydrAMINE",2015-08-16,2021-02-26,29,43
"259","medcations_before_and_after","22.06","Diphenhydramine","Benadryl","3498","diphenhydramine | diphenhydrAMINE","ADMINMED:2797614","\i2b2\Medications\Administered Medications\57\65\197\d00212\ADMINMED:2797614\","diphenhydrAMINE",2015-08-16,2021-02-26,29,43
"260","medcations_before_and_after","22.06","Diphenhydramine","Benadryl","3498","diphenhydramine | diphenhydrAMINE","ADMINMED:2797614","\i2b2\Medications\Administered Medications\57\66\205\d00212\ADMINMED:2797614\","diphenhydrAMINE",2015-08-16,2021-02-26,29,43
"261","medcations_before_and_after","22.06","Diphenhydramine","Benadryl","3498","diphenhydramine | diphenhydrAMINE","ADMINMED:2797614","\i2b2\Medications\Administered Medications\57\67\70\d00212\ADMINMED:2797614\","diphenhydrAMINE",2015-08-16,2021-02-26,29,43
"262","medcations_before_and_after","22.06","Diphenhydramine","Benadryl","3498","diphenhydramine | diphenhydrAMINE","HOMEMED:3670918","\i2b2\Medications\Ordered Medications\122\123\d00212\HOMEMED:3670918\","diphenhydrAMINE",2016-09-30,2016-09-30,1,1
"263","medcations_before_and_after","22.06","Diphenhydramine","Benadryl","3498","diphenhydramine | diphenhydrAMINE","HOMEMED:3670918","\i2b2\Medications\Ordered Medications\57\65\197\d00212\HOMEMED:3670918\","diphenhydrAMINE",2016-09-30,2016-09-30,1,1
"264","medcations_before_and_after","22.06","Diphenhydramine","Benadryl","3498","diphenhydramine | diphenhydrAMINE","HOMEMED:3670918","\i2b2\Medications\Ordered Medications\57\66\205\d00212\HOMEMED:3670918\","diphenhydrAMINE",2016-09-30,2016-09-30,1,1
"265","medcations_before_and_after","22.06","Diphenhydramine","Benadryl","3498","diphenhydramine | diphenhydrAMINE","HOMEMED:3670918","\i2b2\Medications\Ordered Medications\57\67\70\d00212\HOMEMED:3670918\","diphenhydrAMINE",2016-09-30,2016-09-30,1,1
"266","medcations_before_and_after","22.06","Diphenhydramine","Benadryl","3498","diphenhydramine | diphenhydrAMINE","HOMEMED:3675148","\i2b2\Medications\Ordered Medications\122\123\d00212\HOMEMED:3675148\","diphenhydrAMINE",2020-02-05,2020-02-05,1,1
"267","medcations_before_and_after","22.06","Diphenhydramine","Benadryl","3498","diphenhydramine | diphenhydrAMINE","HOMEMED:3675148","\i2b2\Medications\Ordered Medications\57\65\197\d00212\HOMEMED:3675148\","diphenhydrAMINE",2020-02-05,2020-02-05,1,1
"268","medcations_before_and_after","22.06","Diphenhydramine","Benadryl","3498","diphenhydramine | diphenhydrAMINE","HOMEMED:3675148","\i2b2\Medications\Ordered Medications\57\66\205\d00212\HOMEMED:3675148\","diphenhydrAMINE",2020-02-05,2020-02-05,1,1
"269","medcations_before_and_after","22.06","Diphenhydramine","Benadryl","3498","diphenhydramine | diphenhydrAMINE","HOMEMED:3675148","\i2b2\Medications\Ordered Medications\57\67\70\d00212\HOMEMED:3675148\","diphenhydrAMINE",2020-02-05,2020-02-05,1,1
"270","medcations_before_and_after","22.06","Diphenhydramine","Benadryl","3498","diphenhydramine | diphenhydrAMINE","HOMEMED:3675189","\i2b2\Medications\Ordered Medications\122\123\d00212\HOMEMED:3675189\","diphenhydrAMINE",2015-08-16,2019-08-06,2,2
"271","medcations_before_and_after","22.06","Diphenhydramine","Benadryl","3498","diphenhydramine | diphenhydrAMINE","HOMEMED:3675189","\i2b2\Medications\Ordered Medications\57\65\197\d00212\HOMEMED:3675189\","diphenhydrAMINE",2015-08-16,2019-08-06,2,2
"272","medcations_before_and_after","22.06","Diphenhydramine","Benadryl","3498","diphenhydramine | diphenhydrAMINE","HOMEMED:3675189","\i2b2\Medications\Ordered Medications\57\66\205\d00212\HOMEMED:3675189\","diphenhydrAMINE",2015-08-16,2019-08-06,2,2
"273","medcations_before_and_after","22.06","Diphenhydramine","Benadryl","3498","diphenhydramine | diphenhydrAMINE","HOMEMED:3675189","\i2b2\Medications\Ordered Medications\57\67\70\d00212\HOMEMED:3675189\","diphenhydrAMINE",2015-08-16,2019-08-06,2,2
"274","medcations_before_and_after","22.07","Fentanyl","Sublimaze","73137, 1808, 4337","tirofiban, bumetanide, fentanyl | fentaNYL","ADMINMED:15612623","\i2b2\Medications\Administered Medications\Non-Categorized\15612623\ADMINMED:15612623\","syringe contains",2021-01-24,2021-01-29,1,435
"275","medcations_before_and_after","22.07","Fentanyl","Sublimaze","4337","fentanyl | fentaNYL","ADMINMED:2797771","\i2b2\Medications\Administered Medications\57\58\60\d00233\ADMINMED:2797771\","fentaNYL",2020-06-08,2021-03-08,4,146
"276","medcations_before_and_after","22.09","Ibuprofen","Pediaprofen, Motrin","5640","ibuprofen","ADMINMED:2797984","\i2b2\Medications\Administered Medications\57\58\61\d00015\ADMINMED:2797984\","ibuprofen",2009-06-09,2021-03-13,32,114
"277","medcations_before_and_after","22.09","Ibuprofen","Pediaprofen, Motrin","5640","ibuprofen","HOMEMED:10697793","\i2b2\Medications\Ordered Medications\57\58\61\d00015\HOMEMED:10697793\","ibuprofen",2020-01-16,2020-08-12,2,2
"278","medcations_before_and_after","22.09","Ibuprofen","Pediaprofen, Motrin","5640","ibuprofen","HOMEMED:10697806","\i2b2\Medications\Ordered Medications\57\58\61\d00015\HOMEMED:10697806\","ibuprofen",2014-04-13,2014-04-13,1,1
"279","medcations_before_and_after","22.09","Ibuprofen","Pediaprofen, Motrin","5640","ibuprofen","HOMEMED:3670706","\i2b2\Medications\Ordered Medications\57\58\61\d00015\HOMEMED:3670706\","ibuprofen",2016-09-30,2020-10-26,4,4
"280","medcations_before_and_after","22.09","Ibuprofen","Pediaprofen, Motrin","5640","ibuprofen","HOMEMED:3679831","\i2b2\Medications\Ordered Medications\57\58\61\d00015\HOMEMED:3679831\","ibuprofen",2012-12-21,2021-01-31,4,6
"281","medcations_before_and_after","22.09","Ibuprofen","Pediaprofen, Motrin","5640","ibuprofen","HOMEMED:3679833","\i2b2\Medications\Ordered Medications\57\58\61\d00015\HOMEMED:3679833\","ibuprofen",2016-02-22,2017-06-19,1,2
"282","medcations_before_and_after","22.09","Ibuprofen","Pediaprofen, Motrin","5640","ibuprofen","HOMEMED:3679836","\i2b2\Medications\Ordered Medications\57\58\61\d00015\HOMEMED:3679836\","ibuprofen",2021-02-19,2021-02-19,1,1
"283","medcations_before_and_after","22.09","Ibuprofen","Pediaprofen, Motrin","5640","ibuprofen","HOMEMED:3679838","\i2b2\Medications\Ordered Medications\57\58\61\d00015\HOMEMED:3679838\","ibuprofen",2020-05-09,2021-01-30,3,3
"284","medcations_before_and_after","22.09","Ibuprofen","Pediaprofen, Motrin","5640","ibuprofen","HOMEMED:3679864","\i2b2\Medications\Ordered Medications\57\58\61\d00015\HOMEMED:3679864\","ibuprofen",2016-07-28,2016-07-28,1,1
"285","medcations_before_and_after","22.11","Ketamine","Ketalar","6130","ketamine","ADMINMED:2798074","\i2b2\Medications\Administered Medications\57\72\d00272\ADMINMED:2798074\","ketamine",2021-01-06,2021-01-08,2,21
"286","medcations_before_and_after","22.12","Ketorolac","Toradol","35827","ketorolac","ADMINMED:2798078","\i2b2\Medications\Administered Medications\57\58\61\d00273\ADMINMED:2798078\","ketorolac",2013-04-28,2021-03-13,10,65
"287","medcations_before_and_after","22.12","Ketorolac","Toradol","35827","ketorolac","HOMEMED:3680731","\i2b2\Medications\Ordered Medications\57\58\61\d00273\HOMEMED:3680731\","ketorolac",2021-01-13,2021-01-13,1,1
"288","medcations_before_and_after","22.13","Lorazepam","Ativan","6470","lorazepam | LORazepam","ADMINMED:2798144","\i2b2\Medications\Administered Medications\57\64\203\d00149\ADMINMED:2798144\","LORazepam",2020-05-22,2021-03-08,4,10
"289","medcations_before_and_after","22.13","Lorazepam","Ativan","6470","lorazepam | LORazepam","ADMINMED:2798144","\i2b2\Medications\Administered Medications\57\65\198\d00149\ADMINMED:2798144\","LORazepam",2020-05-22,2021-03-08,4,10
"290","medcations_before_and_after","22.13","Lorazepam","Ativan","6470","lorazepam | LORazepam","ADMINMED:2798144","\i2b2\Medications\Administered Medications\57\67\69\d00149\ADMINMED:2798144\","LORazepam",2020-05-22,2021-03-08,4,10
"291","medcations_before_and_after","22.13","Lorazepam","Ativan","6470","lorazepam | LORazepam","HOMEMED:3681487","\i2b2\Medications\Ordered Medications\57\64\203\d00149\HOMEMED:3681487\","LORazepam",2018-02-08,2018-02-08,1,1
"292","medcations_before_and_after","22.13","Lorazepam","Ativan","6470","lorazepam | LORazepam","HOMEMED:3681487","\i2b2\Medications\Ordered Medications\57\65\198\d00149\HOMEMED:3681487\","LORazepam",2018-02-08,2018-02-08,1,1
"293","medcations_before_and_after","22.13","Lorazepam","Ativan","6470","lorazepam | LORazepam","HOMEMED:3681487","\i2b2\Medications\Ordered Medications\57\67\69\d00149\HOMEMED:3681487\","LORazepam",2018-02-08,2018-02-08,1,1
"294","medcations_before_and_after","22.13","Lorazepam","Ativan","6470","lorazepam | LORazepam","HOMEMED:3681496","\i2b2\Medications\Ordered Medications\57\64\203\d00149\HOMEMED:3681496\","LORazepam",2020-02-12,2020-02-12,1,1
"295","medcations_before_and_after","22.13","Lorazepam","Ativan","6470","lorazepam | LORazepam","HOMEMED:3681496","\i2b2\Medications\Ordered Medications\57\65\198\d00149\HOMEMED:3681496\","LORazepam",2020-02-12,2020-02-12,1,1
"296","medcations_before_and_after","22.13","Lorazepam","Ativan","6470","lorazepam | LORazepam","HOMEMED:3681496","\i2b2\Medications\Ordered Medications\57\67\69\d00149\HOMEMED:3681496\","LORazepam",2020-02-12,2020-02-12,1,1
"297","medcations_before_and_after","22.15","Midazolam","Versed","6960","midazolam","ADMINMED:2798254","\i2b2\Medications\Administered Medications\57\67\69\d00301\ADMINMED:2798254\","midazolam",2021-01-08,2021-03-09,5,136
"298","medcations_before_and_after","22.16","Morphine","","7052","morphine","ADMINMED:2798281","\i2b2\Medications\Administered Medications\57\58\60\d00308\ADMINMED:2798281\","morphine",2013-04-28,2020-06-11,3,28
"299","medcations_before_and_after","22.22","Oxycodone","OxyContin","7804","oxycodone | oxyCODONE","ADMINMED:2798392","\i2b2\Medications\Administered Medications\57\58\60\d00329\ADMINMED:2798392\","oxyCODONE",2016-05-13,2017-05-23,2,2
"300","medcations_before_and_after","22.22","Oxycodone","OxyContin","7804","oxycodone | oxyCODONE","HOMEMED:3684971","\i2b2\Medications\Ordered Medications\57\58\60\d00329\HOMEMED:3684971\","oxyCODONE",2013-04-29,2020-06-11,2,7
"301","medcations_before_and_after","22.22","Oxycodone","OxyContin","7804","oxycodone | oxyCODONE","HOMEMED:3684972","\i2b2\Medications\Ordered Medications\57\58\60\d00329\HOMEMED:3684972\","oxyCODONE",2013-04-29,2016-07-28,2,5
"302","medcations_before_and_after","23.01","Alteplase","Activase","8410","alteplase","ADMINMED:2797343","\i2b2\Medications\Administered Medications\81\86\d00521\ADMINMED:2797343\","alteplase",2020-05-19,2020-05-24,1,4
"303","medcations_before_and_after","25.03","Loratadine","Claritin","28889","loratadine","HOMEMED:130874512","\i2b2\Medications\Ordered Medications\122\123\d03050\HOMEMED:130874512\","loratadine",2020-07-02,2020-07-02,1,1
"304","medcations_before_and_after","25.03","Loratadine","Claritin","28889","loratadine","HOMEMED:3681473","\i2b2\Medications\Ordered Medications\122\123\d03050\HOMEMED:3681473\","loratadine",2020-11-01,2020-11-01,1,1
"305","medcations_before_and_after","25.05","Cetirizine","Zyrtec","20610","cetirizine","ADMINMED:2797240","\i2b2\Medications\Administered Medications\122\123\d03827\ADMINMED:2797240\","cetirizine",2020-06-04,2021-01-29,5,25
"306","medcations_before_and_after","25.05","Cetirizine","Zyrtec","20610","cetirizine","HOMEMED:3672038","\i2b2\Medications\Ordered Medications\122\123\d03827\HOMEMED:3672038\","cetirizine",2020-10-08,2020-10-09,1,2
"307","medcations_before_and_after","25.05","Cetirizine","Zyrtec","20610","cetirizine","HOMEMED:3672039","\i2b2\Medications\Ordered Medications\122\123\d03827\HOMEMED:3672039\","cetirizine",2020-06-08,2020-06-08,1,1
"308","medcations_before_and_after","25.05","Cetirizine","Zyrtec","20610","cetirizine","HOMEMED:3672044","\i2b2\Medications\Ordered Medications\122\123\d03827\HOMEMED:3672044\","cetirizine",2021-01-26,2021-01-26,1,1
"309","medcations_before_and_after","26.02","Midoldrine","","72435","anakinra","ADMINMED:2796914","\i2b2\Medications\Administered Medications\105\192\d04775\ADMINMED:2796914\","anakinra",2020-04-23,2021-03-16,10,223
"310","medcations_before_and_after","26.02","Midoldrine","","72435","anakinra","ADMINMED:2796914","\i2b2\Medications\Administered Medications\254\104\443\d04775\ADMINMED:2796914\","anakinra",2020-04-23,2021-03-16,10,223
"311","medcations_before_and_after","26.02","Midoldrine","","72435","anakinra","HOMEMED:3653949","\i2b2\Medications\Ordered Medications\105\192\d04775\HOMEMED:3653949\","anakinra",2020-10-22,2021-02-09,2,5
"312","medcations_before_and_after","26.02","Midoldrine","","72435","anakinra","HOMEMED:3653949","\i2b2\Medications\Ordered Medications\254\104\443\d04775\HOMEMED:3653949\","anakinra",2020-10-22,2021-02-09,2,5
"313","medcations_before_and_after","26.08","Cyclophosphamide","","8591, 34322, 36676, 9143, 3002","potassium chloride, potassium phosphate, sodium bicarbonate, ranitidine | raNITIdine, cyclophosphamide","ADMINMED:2799023","\i2b2\Medications\Administered Medications\Non-Categorized\2799023\ADMINMED:2799023\","Sodium Chloride 0.45%",2020-10-21,2021-03-10,2,40
"314","medcations_before_and_after","26.08","Cyclophosphamide","","5224, 9143, 3002","heparin, ranitidine | raNITIdine, cyclophosphamide","ADMINMED:4103305","\i2b2\Medications\Administered Medications\Non-Categorized\4103305\ADMINMED:4103305\","Non-Formulary",2020-05-02,2020-05-02,1,3
"315","medcations_before_and_after","26.09","Canakinumab","","853491","canakinumab","ADMINMED:177596825","\i2b2\Medications\Administered Medications\254\104\443\d07451\ADMINMED:177596825\","canakinumab",2020-05-28,2020-11-26,2,2
"316","medcations_before_and_after","27.02","Oseltamivir","Tamiflu","260101","oseltamivir","ADMINMED:2798381","\i2b2\Medications\Administered Medications\1\7\281\d04462\ADMINMED:2798381\","oseltamivir",2009-06-09,2019-12-20,3,12
"317","medcations_before_and_after","27.02","Oseltamivir","Tamiflu","260101","oseltamivir","HOMEMED:130953836","\i2b2\Medications\Ordered Medications\1\7\281\d04462\HOMEMED:130953836\","oseltamivir",2018-03-06,2018-03-06,1,2
"318","medcations_before_and_after","27.02","Oseltamivir","Tamiflu","260101","oseltamivir","HOMEMED:323172560","\i2b2\Medications\Ordered Medications\1\7\281\d04462\HOMEMED:323172560\","oseltamivir",2018-01-12,2020-03-06,3,4
