"Code","Generic.Name","Class","Trade.1","Trade.2","Trade.3","Trade.4","Trade.5","Notes","key","ECRF_TRADE_NAMES"
"01.01","Eprosartan","Angiotensin Receptor Blockers","Teveten","","","","","","eprosartan|teveten","Teveten"
"01.02","Losartan","Angiotensin Receptor Blockers","Cozaar","","","","","","losartan|cozaar","Cozaar"
"01.03","Valsartan","Angiotensin Receptor Blockers","Diovan","","","","","","valsartan|diovan","Diovan"
"02.01","Adenosine","Antiarrhythmic","Adenocard","","","","","","adenosine|adenocard","Adenocard"
"02.02","Amiodarone","Antiarrhythmic","Cordarone","","","","","","amiodarone|cordarone","Cordarone"
"02.03","Azimilide","Antiarrhythmic","","","","","","","azimilide",""
"02.04","Brethlium","Antiarrhythmic","","","","","","","bretylium",""
"02.05","Cibenzoline","Antiarrhythmic","","","","","","","cibenzoline",""
"02.06","Disopyramide","Antiarrhythmic","Norpace","","","","","","disopyramide|norpace","Norpace"
"02.07","Encainide","Antiarrhythmic","Enkaid","","","","","","encainide|enkaid","Enkaid"
"02.08","Flecanide","Antiarrhythmic","Tambocor","","","","","","flecanide|tambocor","Tambocor"
"02.09","Lidocaine","Antiarrhythmic","Xylocaine","","","","","","lidocaine|xylocaine","Xylocaine"
"02.10","Mexiletine","Antiarrhythmic","Mexitil","","","","","","mexiletine|mexitil","Mexitil"
"02.11","Moricizine","Antiarrhythmic","Ethmozine","","","","","","moricizine|ethmozine","Ethmozine"
"02.12","Phenytoin","Antiarrhythmic","Dilantin","","","","","","phenytoin|dilantin","Dilantin"
"02.13","Procainamide","Antiarrhythmic","Pronestyl","Procan","","","","","procainamide|pronestyl|procan","Pronestyl, Procan"
"02.14","Propafenone","Antiarrhythmic","Rythmol","","","","","","propafenone|rythmol","Rythmol"
"02.15","Quinidine","Antiarrhythmic","Quinaglute","","","","","","quinidine|quinaglute","Quinaglute"
"02.16","Tocainide","Antiarrhythmic","Tonocard","","","","","","tocainide|tonocard","Tonocard"
"03.01","Acetyl Sulfisozaxole","Antibiotics","Gantrisin","","","","","","acetyl sulfisozaxole|gantrisin","Gantrisin"
"03.02","Amikacin","Antibiotics","Amikin","","","","","","amikacin|amikin","Amikin"
"03.03","Amipicillin/Sulbactam","Antibiotics","Unasyn","","","","","","amipicillin/sulbactam|unasyn|ampicillin / sulbactam","Unasyn"
"03.04","Amoxicillin","Antibiotics","Amoxil","","","","","","amoxicillin|amoxil","Amoxil"
"03.05","Amoxicillin-Clavulanic Acid","Antibiotics","Augmentin","","","","","","amoxicillin-clavulanic acid|augmentin|amoxicillin / clavulanate","Augmentin"
"03.06","Amphotericin","Antibiotics","Fungizone","","","","","","amphotericin|fungizone","Fungizone"
"03.07","Ampicillin","Antibiotics","Omnipen","","","","","","ampicillin|omnipen","Omnipen"
"03.08","Azithromycin","Antibiotics","Zithromax","","","","","","azithromycin|zithromax","Zithromax"
"03.09","Aztreonam","Antibiotics","Azactam","","","","","","aztreonam|azactam","Azactam"
"03.10","Carbenicillin","Antibiotics","Geocillin","","","","","","carbenicillin|geocillin","Geocillin"
"03.11","Cefazolin","Antibiotics","Ancef","Kefzol","","","","","cefazolin|ancef|kefzol","Ancef, Kefzol"
"03.12","Cefepime","Antibiotics","Maxipime","","","","","","cefepime|maxipime","Maxipime"
"03.13","Cefotaxime","Antibiotics","Claforan","","","","","","cefotaxime|claforan","Claforan"
"03.14","Ceftazidime","Antibiotics","Fortaz","","","","","","ceftazidime|fortaz","Fortaz"
"03.15","Ceftriaxone","Antibiotics","Rocephin","","","","","","ceftriaxone|rocephin","Rocephin"
"03.16","Cephalexin","Antibiotics","Keflex","","","","","","cephalexin|keflex","Keflex"
"03.17","Ciprofloxacin","Antibiotics","Cipro","","","","","","ciprofloxacin|cipro","Cipro"
"03.18","Clarithromycin","Antibiotics","Biaxin","","","","","","clarithromycin|biaxin","Biaxin"
"03.19","Clindamycin","Antibiotics","Cleocin","","","","","","clindamycin|cleocin","Cleocin"
"03.20","Erythromycin","Antibiotics","","","","","","","erythromycin",""
"03.21","Erythromycin and Sulfisoxazole","Antibiotics","Pediazole","","","","","","erythromycin and sulfisoxazole|pediazole","Pediazole"
"03.22","Fluconazole","Antibiotics","Diflucan","","","","","","fluconazole|diflucan","Diflucan"
"03.23","Gentamicin","Antibiotics","","","","","","","gentamicin",""
"03.24","Ilotycin","Antibiotics","","","","","","","ilotycin",""
"03.25","Imipenem","Antibiotics","Primaxin","","","","","","imipenem|primaxin","Primaxin"
"03.26","Meropenem","Antibiotics","Merrem","","","","","","meropenem|merrem","Merrem"
"03.27","Metronidazole","Antibiotics","Flagyl","","","","","","metronidazole|flagyl","Flagyl"
"03.28","Mycostatin","Antibiotics","Nystatin","","","","","","mycostatin|nystatin","Nystatin"
"03.29","Neomycin","Antibiotics","","","","","","","neomycin",""
"03.30","Nystatin","Antibiotics","Mycostatin","","","","","","nystatin|mycostatin","Mycostatin"
"03.31","Oxacillin","Antibiotics","","","","","","","oxacillin",""
"03.32","Penicillin","Antibiotics","","","","","","","penicillin",""
"03.33","Piperacillin","Antibiotics","Pipracil","","","","","","piperacillin|pipracil","Pipracil"
"03.34","Piperacillin/Tazobactam","Antibiotics","Zosyn","","","","","","piperacillin/tazobactam|zosyn","Zosyn"
"03.35","Tobramycin","Antibiotics","Tobrex","","","","","","tobramycin|tobrex","Tobrex"
"03.36","Trimethoprim-Sulfamethoxazole","Antibiotics","Bactrim","Septra","","","","","trimethoprim-sulfamethoxazole|bactrim|septra","Bactrim, Septra"
"03.37","Vancomycin","Antibiotics","","","","","","","vancomycin",""
"04.01","Fosphenytoin","Anticonvulsant","Cerebrex","","","","","","fosphenytoin|cerebrex","Cerebrex"
"04.02","Phenobarbital","Anticonvulsant","Luminal","","","","","","phenobarbital|luminal","Luminal"
"05.01","Ondansetron HCl","Antiemetic","Zofran","","","","","","ondansetron hcl|zofran","Zofran"
"06.01","Clonidine","Antihypertensives","Catapres","Duraclon","","","","","clonidine|catapres|duraclon","Catapres, Duraclon"
"06.02","Diazoxide","Antihypertensives","Hyperstat","Proglycem","","","","","diazoxide|hyperstat|proglycem","Hyperstat, Proglycem"
"06.03","Doxazosin","Antihypertensives","Cardura","","","","","","doxazosin|cardura","Cardura"
"06.04","Guanabenz","Antihypertensives","Wytensin","","","","","","guanabenz|wytensin","Wytensin"
"06.05","Guanadril","Antihypertensives","Hylorel","","","","","","guanadril|hylorel","Hylorel"
"06.06","Guanethidine","Antihypertensives","Ismelin","","","","","","guanethidine|ismelin","Ismelin"
"06.07","Guanfacine","Antihypertensives","Tenex","","","","","","guanfacine|tenex","Tenex"
"06.08","Hydralazine","Antihypertensives","Apresoline","","","","","","hydralazine|apresoline","Apresoline"
"06.09","Isosorbide dinitrate","Antihypertensives","Dilatrate","Isordil","Sorbitrate","","","","isosorbide dinitrate|dilatrate|isordil|sorbitrate","Dilatrate, Isordil, Sorbitrate"
"06.10","Isosorbide mononitrate","Antihypertensives","Imdur","Ismo","","","","","isosorbide mononitrate|imdur|ismo","Imdur, Ismo"
"06.11","Ketanserin","Antihypertensives","","","","","","","ketanserin",""
"06.12","Mecamylamine","Antihypertensives","Inversine","","","","","","mecamylamine|inversine","Inversine"
"06.13","Methyldopa","Antihypertensives","Aldomet","","","","","","methyldopa|aldomet","Aldomet"
"06.14","Minoxidil","Antihypertensives","Loniten","Rogaine","","","","","minoxidil|loniten|rogaine","Loniten, Rogaine"
"06.15","Nitric Oxide","Antihypertensives","","","","","","","nitric oxide",""
"06.16","Nitroglycerin","Antihypertensives","","","","","","","nitroglycerin",""
"06.17","Nitroprusside","Antihypertensives","Nipride","","","","","","nitroprusside|nipride","Nipride"
"06.18","Prazosin","Antihypertensives","Minipress","","","","","","prazosin|minipress","Minipress"
"06.19","Reserpine","Antihypertensives","Serpasil","","","","","","reserpine|serpasil","Serpasil"
"06.20","Terazosin","Antihypertensives","Hytrin","","","","","","terazosin|hytrin","Hytrin"
"06.21","Trimethaphan","Antihypertensives","Arfonad","","","","","","trimethaphan|arfonad","Arfonad"
"06.22","Sildenafil","Antihypertensives","Viagra","","","","","","sildenafil|viagra","Viagra"
"07.01","Abciximab","Antithrombotics","Reopro","","","","","","abciximab|reopro","Reopro"
"07.02","Aspirin","Antithrombotics","","","","","","","aspirin",""
"07.03","Bivalirudin","Antithrombotics","","","","","","","bivalirudin",""
"07.04","Clopidogrel","Antithrombotics","Plavix","","","","","","clopidogrel|plavix","Plavix"
"07.05","Dipyridamole","Antithrombotics","Aggrenox","Persantine","","","","","dipyridamole|aggrenox|persantine","Aggrenox, Persantine"
"07.06","Enoxaparin","Antithrombotics","Lovenox","","","","","","enoxaparin|lovenox","Lovenox"
"07.07","Eptifibatide","Antithrombotics","Integrilin","","","","","","eptifibatide|integrilin","Integrilin"
"07.08","Heparin","Antithrombotics","","","","","","","heparin",""
"07.09","Low Molecular weight heparin","Antithrombotics","Bemiparin","","","","","","low molecular weight heparin|bemiparin","Bemiparin"
"07.10","Ticlopidine HCl","Antithrombotics","Ticlid","","","","","","ticlopidine hcl|ticlid","Ticlid"
"07.11","Tirofiban","Antithrombotics","Aggrastat","","","","","","tirofiban|aggrastat","Aggrastat"
"07.12","Warfarin","Antithrombotics","Coumadin","","","","","","warfarin|coumadin","Coumadin"
"07.13","Apixaban","Antithrombotic","Eliquis","","","","","","apixaban|eliquis","Eliquis"
"07.14","Argatroban","Antithrombotic","Acova","","","","","","argatroban|acova","Acova"
"07.15","Ticlopidine","Antithrombotic","","","","","","","ticlopidine",""
"07.16","Prasugrel","Antithrombotic","","","","","","","prasugrel",""
"07.17","Ticagrelor","Antithrombotic","","","","","","","ticagrelor",""
"08.01","Acebutolol","Beta Blocker","Sectral","","","","","","acebutolol|sectral","Sectral"
"08.02","Alprenolol","Beta Blocker","","","","","","","alprenolol",""
"08.03","Amlodipine","Beta Blocker","Norvasc","","","","","","amlodipine|norvasc","Norvasc"
"08.04","Atenolol","Beta Blocker","Tenormin","","","","","","atenolol|tenormin","Tenormin"
"08.05","Betaxolol","Beta Blocker","Betoptic","Kerlone","","","","","betaxolol|betoptic|kerlone","Betoptic, Kerlone"
"08.06","Bisoprolol","Beta Blocker","Zebeta","","","","","","bisoprolol|zebeta","Zebeta"
"08.07","Bobindolol","Beta Blocker","","","","","","","bopindolol",""
"08.08","Cartelol","Beta Blocker","Cartrol","Ocupress","","","","","cartelol|cartrol|ocupress","Cartrol, Ocupress"
"08.09","Carvedilol","Beta Blocker","Coreg","","","","","","carvedilol|coreg","Coreg"
"08.10","Celiprolol","Beta Blocker","","","","","","","celiprolol",""
"08.11","Dievalol","Beta Blocker","","","","","","","dilevalol",""
"08.12","Esmolol","Beta Blocker","Brevibloc","","","","","","esmolol|brevibloc","Brevibloc"
"08.13","Labetolol","Beta Blocker","Normodyne","","","","","","labetolol|normodyne","Normodyne"
"08.14","Metoprolol","Beta Blocker","Lopressor","Toprol","","","","","metoprolol|lopressor|toprol","Lopressor, Toprol"
"08.15","Nadolol","Beta Blocker","Corgard","","","","","","nadolol|corgard","Corgard"
"08.16","Nisoldipine","Beta Blocker","Sular","","","","","","nisoldipine|sular","Sular"
"08.17","Oxprenolol","Beta Blocker","Trasicor","","","","","","oxprenolol|trasicor","Trasicor"
"08.18","Penbutolol","Beta Blocker","Levatol","","","","","","penbutolol|levatol","Levatol"
"08.19","Pindolol","Beta Blocker","Visken","","","","","","pindolol|visken","Visken"
"08.20","Propranolol","Beta Blocker","Inderal","","","","","","propranolol|inderal","Inderal"
"08.21","Sotalol","Beta Blocker","Betapace","","","","","","sotalol|betapace","Betapace"
"08.22","Timolol","Beta Blocker","Blocadren","","","","","","timolol|blocadren","Blocadren"
"09.01","Coenzyme Q10","Biologics","","","","","","","coenzyme q10",""
"09.02","Desmopressin","Biologics","DDAVP","","","","","","desmopressin|ddavp","DDAVP"
"09.03","Gamma Globulin","Biologics","","","","","","","gamma globulin",""
"09.04","Iron Preparations","Biologics","Fer-in-sol","","","","","","iron preparations|fer-in-sol","Fer-in-sol"
"09.05","Mannitol","Biologics","Cosmitrol","","","","","","mannitol|cosmitrol","Cosmitrol"
"09.06","Surfactant","Biologics","Survanta","Exosurf","","","","","surfactant|survanta|exosurf","Survanta, Exosurf"
"09.07","Vitamin K","Biologics","","","","","","","vitamin k",""
"09.08","Multivitamin","Biologics","","","","","","","multivitamin",""
"09.09","Convalescent plasma from COVID 19 patients","Biologics","","","","","","","convalescent plasma from covid 19 patients",""
"09.10","Vitamin C","Biologics","","","","","","","vitamin c",""
"09.11","Thiamine","Biologics","","","","","","","thiamine",""
"09.12","Fresh frozen plasma (FFP)","Biologics","","","","","","","fresh frozen plasma (ffp)",""
"10.01","Albuterol","Bronchodilators","Ventolin","Xopenex","Preventil","","","","albuterol|ventolin|xopenex|preventil","Ventolin, Xopenex, Preventil"
"10.02","Aminophylline","Bronchodilators","","","","","","","aminophylline",""
"10.03","Beclomethasone","Bronchodilators","Beclovert","","","","","","beclomethasone|beclovert","Beclovert"
"10.04","Cromolyn","Bronchodilators","Intal","","","","","","cromolyn|intal","Intal"
"10.05","Fluticasone","Bronchodilators","Flovent","Flonase","","","","","fluticasone|flovent|flonase","Flovent, Flonase"
"10.06","Ipratropium","Bronchodilators","Atrovent","","","","","","ipratropium|atrovent","Atrovent"
"10.07","Isoetharine","Bronchodilators","Bronkosol","","","","","","isoetharine|bronkosol","Bronkosol"
"10.08","Metaproteranol","Bronchodilators","Alupent","","","","","","metaproteranol|alupent","Alupent"
"10.09","Theophylline","Bronchodilators","Slo-bid","Theodur","","","","","theophylline|slo-bid|theodur","Slo-bid, Theodur"
"11.01","Bepridil HCl","Calcium Channel Blockers","Vascor","","","","","","bepridil hcl|vascor","Vascor"
"11.02","Diltiazam","Calcium Channel Blockers","Cardiazem","","","","","","diltiazem|cardizem","Cardiazem"
"11.03","Felodipine","Calcium Channel Blockers","Plendil","","","","","","felodipine|plendil","Plendil"
"11.04","Isradipine","Calcium Channel Blockers","Dynacirc","","","","","","isradipine|dynacirc","Dynacirc"
"11.05","Nicardipine","Calcium Channel Blockers","Cardene","","","","","","nicardipine|cardene","Cardene"
"11.06","Nifedipine","Calcium Channel Blockers","Procardia","","","","","","nifedipine|procardia","Procardia"
"11.07","Nimodipine","Calcium Channel Blockers","Nimotop","","","","","","nimodipine|nimotop","Nimotop"
"11.08","Verapamil","Calcium Channel Blockers","Calan","Isotopin","Verelan","Chronovera","Covera-HS","","verapamil|calan|isotopin|verelan|chronovera|covera-hs","Calan, Isotopin, Verelan, Chronovera, Covera-HS"
"12.01","Aprotinin","Coagulant","","","","","","","aprotinin",""
"12.02","Aminocaproic acid","Coagulant","Amicar","","","","","","aminocaproic acid|amicar","Amicar"
"12.03","Protamine","Coagulant","","","","","","","protamine",""
"13.01","Benazepril","Converting Enzyme Inhibitor","Lotensin","","","","","","benazepril|lotensin","Lotensin"
"13.02","Captopril","Converting Enzyme Inhibitor","Capoten","","","","","","captopril|capoten","Capoten"
"13.03","Cilarapril","Converting Enzyme Inhibitor","Primaxin","","","","","","cilarapril|primaxin","Primaxin"
"13.04","Enalapril","Converting Enzyme Inhibitor","Vasotec","","","","","","enalapril[^at]|enalapril$","Vasotec"
"13.05","Enalaprilat","Converting Enzyme Inhibitor","Vasotec","","","","","","enalaprilat","Vasotec"
"13.06","Fosinopril","Converting Enzyme Inhibitor","Monopril","","","","","","fosinopril|monopril","Monopril"
"13.07","Lisinopril","Converting Enzyme Inhibitor","Prinivil","Zestril","","","","","lisinopril|prinivil|zestril","Prinivil, Zestril"
"13.08","Pentopril","Converting Enzyme Inhibitor","","","","","","","pentopril",""
"13.09","Perindopril","Converting Enzyme Inhibitor","Aceon","","","","","","perindopril|aceon","Aceon"
"13.10","Quinapril","Converting Enzyme Inhibitor","Accupril","","","","","","quinapril|accupril","Accupril"
"13.11","Ramipril","Converting Enzyme Inhibitor","Altace","","","","","","ramipril|altace","Altace"
"13.12","Trandolapril","Converting Enzyme Inhibitor","Mavik","","","","","","trandolapril|mavik","Mavik"
"14.01","Acetazolamide","Diuretics","Diamox","","","","","","acetazolamide|diamox","Diamox"
"14.02","Amiloride","Diuretics","Midamor","","","","","","amiloride|midamor","Midamor"
"14.03","Nesiritide","Diuretics","Natrecor","","","","","","nesiritide|natrecor","Natrecor"
"14.04","Bumetanide","Diuretics","Bumex","","","","","","bumetanide|bumex","Bumex"
"14.05","Chlorothiazide","Diuretics","Diuril","","","","","","chlorothiazide|diuril","Diuril"
"14.06","Chlorthalidone","Diuretics","Hygroton","","","","","","chlorthalidone|hygroton","Hygroton"
"14.07","Ethacrynic Acid","Diuretics","Edecrin","","","","","","ethacrynic acid|edecrin","Edecrin"
"14.08","Furosemide","Diuretics","Lasix","","","","","","furosemide|lasix","Lasix"
"14.09","Hydrochlorothiazide","Diuretics","Hyprodiuril","","","","","","hydrochlorothiazide|hyprodiuril","Hyprodiuril"
"14.10","Indapamide","Diuretics","Lozol","","","","","","indapamide|lozol","Lozol"
"14.11","Metolazone","Diuretics","Zaroxyln","","","","","","metolazone|zaroxyln","Zaroxyln"
"14.12","Piretanide","Diuretics","","","","","","","piretanide",""
"14.13","Spironolactone","Diuretics","Aldactone","","","","","","spironolactone|aldactone","Aldactone"
"14.14","Thiazides","Diuretics","","","","","","","chlorothiazide|hydroflumethiazide|polythiazide|hydrochlorothiazide|chlorthalidone|indapamide|metolazone|bendroflumethiazide|chlorothiazide|methyclothiazide|zaroxolyn|microzide|thalitone|saluron|renese|naturetin|mykrox|lozol|esidrix|enduron|diuril sodium|diuril|aquazide h|aquatensin",""
"14.15","Torasemide","Diuretics","","","","","","","torasemide",""
"14.16","Triamterene","Diuretics","Dyrenium","","","","","","triamterene|dyrenium","Dyrenium"
"15.01","Calcium Chloride","Electrolytes","","","","","","","calcium chloride",""
"15.02","Calcium Glubionate","Electrolytes","Neo- Calglucon","","","","","","calcium glubionate|neo- calglucon","Neo- Calglucon"
"15.03","Magnesium","Electrolytes","","","","","","","magnesium",""
"15.04","Potassium","Electrolytes","","","","","","","potassium",""
"15.05","Sodium Bicarbonate","Electrolytes","","","","","","","sodium bicarbonate",""
"15.06","Tromethamine","Electrolytes","THAM","","","","","","tromethamine|tham","THAM"
"16.01","Aluminum/Magnesium Hydroxide","Gastrointestinal","Maalox","","","","","","aluminum/magnesium hydroxide|maalox","Maalox"
"16.02","Cimetidine","Gastrointestinal","Tagamet","","","","","","cimetidine|tagamet","Tagamet"
"16.03","Metoclopramide HCl","Gastrointestinal","Reglan","","","","","","metoclopramide hcl|reglan","Reglan"
"16.04","Mylanta","Gastrointestinal","","","","","","","(^calcium carbonate .* / magnesium hydroxide .* / simethicone .* oral suspension$)|(aluminum hydroxide / magnesium hydroxide / simethicone)",""
"16.05","Ondansetron HCL","Gastrointestinal","Zofran","","","","","","ondansetron hcl|zofran","Zofran"
"16.06","Ranitidine","Gastrointestinal","Zantac","","","","","","ranitidine|zantac","Zantac"
"16.07","Simethicone","Gastrointestinal","Mylicon","","","","","","simethicone|mylicon","Mylicon"
"16.08","Sucralfate","Gastrointestinal","Carafate","","","","","","sucralfate|carafate","Carafate"
"16.09","Omeprazole","Gastrointestinal","Prilosec","","","","","","[^es]omeprazole|prilosec","Prilosec"
"16.10","Lansoprazole","Gastrointestinal","Prevacid","","","","","","lansoprazole|prevacid","Prevacid"
"16.11","Famotidine","Gastrointestinal","Pepcid","","","","","","famotidine|pepcid","Pepcid"
"17.01","Digitoxin","Glycoside","Crystodigin","","","","","","digitoxin|crystodigin","Crystodigin"
"17.02","Digoxin","Glycoside","Lanoxin","","","","","","digoxin|lanoxin","Lanoxin"
"17.03","Ouabain","Glycoside","","","","","","","ouabain",""
"18.01","Prostaglandin E","Hormonal agents","Alprostadil","","","","","","prostaglandin e|alprostadil","Alprostadil"
"18.02","Atropine","Hormonal agents","","","","","","","atropine",""
"18.03","Cortisone","Hormonal agents","","","","","","","cortisone",""
"18.04","Dexamethasone","Hormonal agents","Decadron","","","","","","dexamethasone|decadron","Decadron"
"18.05","Growth Hormone","Hormonal agents","Humatrope","Protropin","","","","","growth hormone|humatrope|protropin","Humatrope, Protropin"
"18.06","Hydrocortisone","Hormonal agents","Solu-cortef","","","","","","hydrocortisone|solu-cortef","Solu-cortef"
"18.07","Insulin","Hormonal agents","","","","","","","insulin",""
"18.08","Levothyroxine","Hormonal agents","Synthroid","","","","","","levothyroxine|synthroid","Synthroid"
"18.09","Methylprednisolone/Prednisolone","Hormonal agents","Solumedrol","Prelone","","","","","methylprednisolone/prednisolone|solumedrol|prelone","Solumedrol, Prelone"
"18.10","Prednisone","Hormonal agents","Bronkosol","","","","","","prednisone|bronkosol","Bronkosol"
"18.11","Testosterone","Hormonal agents","","","","","","","testosterone",""
"18.12","Estrogen","Hormonal agents","Premarin","","","","","","estrogen|premarin","Premarin"
"18.13","Progestin","Hormonal agents","Provera","","","","","","progestin|provera","Provera"
"18.14","Infertility Treatments","Hormonal agents","","","","","","","infertility treatments",""
"19.01","Amrinone","Inotropic agents","Inocor","","","","","","amrinone|inocor","Inocor"
"19.02","Dobutamine","Inotropic agents","Dobutrex","","","","","","dobutamine|dobutrex","Dobutrex"
"19.03","Dopamine","Inotropic agents","Inotropin","","","","","","dopamine|inotropin","Inotropin"
"19.04","Epinephrine","Inotropic agents","Adrenalin","Vaponefrin","","","","","epinephrine|adrenalin|vaponefrin","Adrenalin, Vaponefrin"
"19.05","Isoproteranol","Inotropic agents","Isuprel","","","","","","isoproteranol|isuprel","Isuprel"
"19.06","Midoldrine","Inotropic agents","","","","","","","midodrine",""
"19.07","Milrinone","Inotropic agents","Primacor","","","","","","milrinone|primacor","Primacor"
"19.08","Norepinephrine","Inotropic agents","Levophed","","","","","","norepinephrine|levophed","Levophed"
"19.09","Phenylephrine","Inotropic agents","Neo-Synephrine","","","","","","phenylephrine|neo-synephrine","Neo-Synephrine"
"20.01","Cholestyramine","Lipid-lowering agents","Cholybar","Questran","","","","","cholestyramine|cholybar|questran","Cholybar, Questran"
"20.02","Clofibrate","Lipid-lowering agents","Atromid-s","","","","","","clofibrate|atromid-s","Atromid-s"
"20.03","Colestipol","Lipid-lowering agents","Colestid","","","","","","colestipol|colestid","Colestid"
"20.04","FIuvostatin","Lipid-lowering agents","","","","","","","fluvastatin",""
"20.05","Gemfibrozil","Lipid-lowering agents","Lopid","","","","","","gemfibrozil|lopid","Lopid"
"20.06","Lovastatin","Lipid-lowering agents","Mevacor","","","","","","lovastatin|mevacor","Mevacor"
"20.07","Nicotinic acid","Lipid-lowering agents","","","","","","","nicotinic acid",""
"20.08","Pravastatin","Lipid-lowering agents","Pravachol","","","","","","pravastatin|pravachol","Pravachol"
"20.09","Probucol","Lipid-lowering agents","Lorelco","","","","","","probucol|lorelco","Lorelco"
"20.10","Simvastatin","Lipid-lowering agents","Zocor","","","","","","simvastatin|zocor","Zocor"
"20.11","AtorvastatinAtorvastatin","Lipid-lowering agents","","","","","","","atorvastatin",""
"20.12","Rosuvastatin","Lipid-lowering agents","","","","","","","rosuvastatin",""
"21.01","Pancuronium","Neuromuscular Blocking Agent","Pavulon","","","","","","pancuronium|pavulon","Pavulon"
"21.02","Succinylcholine","Neuromuscular Blocking Agent","","","","","","","succinylcholine",""
"22.01","Acetaminophen","Sedatives, hypnotics, anesthetics, analgesics","Tylenol","","","","","","acetaminophen|tylenol","Tylenol"
"22.02","Methohexital","Sedatives, hypnotics, anesthetics, analgesics","Brevitol","","","","","","methohexital|brevitol","Brevitol"
"22.03","Chloral Hydrate","Sedatives, hypnotics, anesthetics, analgesics","Noctec","","","","","","chloral hydrate|noctec","Noctec"
"22.04","Codeine","Sedatives, hypnotics, anesthetics, analgesics","","","","","","","codeine",""
"22.05","Diazepam","Sedatives, hypnotics, anesthetics, analgesics","Valium","","","","","","diazepam|valium","Valium"
"22.06","Diphenhydramine","Sedatives, hypnotics, anesthetics, analgesics","Benadryl","","","","","","diphenhydramine|benadryl","Benadryl"
"22.07","Fentanyl","Sedatives, hypnotics, anesthetics, analgesics","Sublimaze","","","","","","fentanyl|sublimaze","Sublimaze"
"22.08","Halothane","Sedatives, hypnotics, anesthetics, analgesics","","","","","","","halothane",""
"22.09","Ibuprofen","Sedatives, hypnotics, anesthetics, analgesics","Pediaprofen","Motrin","","","","","ibuprofen|pediaprofen|motrin","Pediaprofen, Motrin"
"22.10","Isoflurane","Sedatives, hypnotics, anesthetics, analgesics","","","","","","","isoflurane",""
"22.11","Ketamine","Sedatives, hypnotics, anesthetics, analgesics","Ketalar","","","","","","ketamine|ketalar","Ketalar"
"22.12","Ketorolac","Sedatives, hypnotics, anesthetics, analgesics","Toradol","","","","","","ketorolac|toradol","Toradol"
"22.13","Lorazepam","Sedatives, hypnotics, anesthetics, analgesics","Ativan","","","","","","lorazepam|ativan","Ativan"
"22.14","Methadone","Sedatives, hypnotics, anesthetics, analgesics","Dolophine","","","","","","methadone|dolophine","Dolophine"
"22.15","Midazolam","Sedatives, hypnotics, anesthetics, analgesics","Versed","","","","","","midazolam|versed","Versed"
"22.16","Morphine","Sedatives, hypnotics, anesthetics, analgesics","","","","","","","morphine",""
"22.17","Nalaxone","Sedatives, hypnotics, anesthetics, analgesics","Narcan","","","","","","nalaxone|narcan","Narcan"
"22.18","Naproxen Sodium","Sedatives, hypnotics, anesthetics, analgesics","Naprosyn","","","","","","naproxen sodium|naprosyn","Naprosyn"
"22.19","Sufentanil","Sedatives, hypnotics, anesthetics, analgesics","","","","","","","sufentanil",""
"22.20","Thiopental","Sedatives, hypnotics, anesthetics, analgesics","Pentothal","","","","","","thiopental|pentothal","Pentothal"
"22.21","General Anesthesia","Sedatives, hypnotics, anesthetics, analgesics","","","","","","","general anesthesia",""
"22.22","Oxycodone","Sedatives, hypnotics, anesthetics, analgesics","OxyContin","","","","","","oxycodone|oxycontin","OxyContin"
"23.01","Alteplase","Thrombolytics","Activase","","","","","","alteplase|activase","Activase"
"23.02","Anistreplase","Thrombolytics","Eminase","","","","","","anistreplase|eminase","Eminase"
"23.03","Streptokinase","Thrombolytics","Kabikinase","Streptase","","","","","streptokinase|kabikinase|streptase","Kabikinase, Streptase"
"23.04","Urokinase","Thrombolytics","Abbokinase","","","","","","urokinase|abbokinase","Abbokinase"
"24.01","Amphetamine + Dextroamphetamine","Attention deficit disorder therapies","Adderall","","","","","","amphetamine + dextroamphetamine|adderall","Adderall"
"24.02","Atomoxetine","Attention deficit disorder therapies","Strattera","","","","","","atomoxetine|strattera","Strattera"
"24.03","Dexmethylphenidate","Attention deficit disorder therapies","Focalin","","","","","","dexmethylphenidate|focalin","Focalin"
"24.04","Dextroamphetamine","Attention deficit disorder therapies","Dexedrinel","","","","","","dextroamphetamine|dexedrinel","Dexedrinel"
"24.05","Methyphenidate","Attention deficit disorder therapies","Ritalin","Concerta","Methylin","Metadate","","","methyphenidate|ritalin|concerta|methylin|metadate","Ritalin, Concerta, Methylin, Metadate"
"25.01","Fexofenadine Hydrochloride","Antihistamines","Allegra","","","","","","fexofenadine hydrochloride|allegra","Allegra"
"25.02","Azelastine Hydrochloride","Antihistamines","Astelin","Astepro","","","","","azelastine hydrochloride|astelin|astepro","Astelin, Astepro"
"25.03","Loratadine","Antihistamines","Claritin","","","","","","loratadine|claritin","Claritin"
"25.04","Montelukast Sodium","Antihistamines","Singulair","","","","","","montelukast sodium|singulair","Singulair"
"25.05","Cetirizine","Antihistamines","Zyrtec","","","","","","cetirizine|zyrtec","Zyrtec"
"26.01","Adalimumab (TNF inhibitor)","Immunomodulatory","","","","","","","adalimumab",""
"26.02","Anakinra (IL-1 blockade)","Immunomodulatory","","","","","","","anakinra",""
"26.03","Etanercept (TNF inhibitor)","Immunomodulatory","","","","","","","etanercept",""
"26.04","Infliximab (TNF inhibitor)","Immunomodulatory","","","","","","","infliximab",""
"26.05","Tocilizumab (IL-6 blockade)","Immunomodulatory","","","","","","","tocilizumab",""
"26.06","Hydroxychloroquine","Immunomodulatory","","","","","","","hydroxychloroquine",""
"26.07","Cyclosporine","Immunomodulatory","","","","","","","cyclosporine",""
"26.08","Cyclophosphamide","Immunomodulatory","","","","","","","cyclophosphamide",""
"26.09","Canakinumab","Immunomodulatory","","","","","","","canakinumab",""
"26.10","Siltuximab","Immunomodulatory","","","","","","","siltuximab",""
"26.11","Baricitinib (JAK inhibitor)","Immunomodulatory","","","","","","","baricitinib",""
"26.12","Tofacitinib (JAK inhibitor)","Immunomodulatory","","","","","","","tofacitinib",""
"26.13","Upadacitinib (JAK inhibitor)","Immunomodulatory","","","","","","","upadacitinib",""
"26.14","Emapalumab (IFN gamma antibody)","ImmunomodulatoryÂ ","","","","","","","emapalumab",""
"26.15","Chloroquine","Immunomodulatory","","","","","","","chloroquine",""
"27.01","Remdesivir","Antiviral","","","","","","","remdesivir",""
"27.02","Oseltamivir","Antiviral","Tamiflu","","","","","","oseltamivir|tamiflu","Tamiflu"
"27.03","Lopinavir/ritonavir","Antiviral","Kaletra","","","","","","lopinavir/ritonavir|kaletra","Kaletra"
"27.04","Favipiravir","Antiviral","Avigan","","","","","","favipiravir|avigan","Avigan"
"28.01","Plasma exchange","Non-medical therapy directed at clearing cytokines","","","","","","","plasma exchange",""
"28.02","Cytosorb column","Non-medical therapy directed at clearing cytokines","","","","","","","cytosorb column",""
"28.03","Hemofiltration for fluid removal","Non-medical therapy directed at clearing cytokines","","","","","","","hemofiltration for fluid removal",""
